episode,reward,avg_wait_time,avg_ambulance_wait,avg_firetruck_wait,throughput_per_min,total_spawned,total_cleared,ambulance_cleared,firetruck_cleared,epsilon,mean_td_error
1,-89.5,1.81,0.0,0.0,103.2,57,43,0,0,0.998,0.5833
2,-212.65,1.53,1.73,0.0,93.6,52,39,1,0,0.996,0.755
3,-653.25,1.61,1.37,2.5,98.4,55,41,6,1,0.994,1.8977
4,-419.6,1.88,0.98,1.77,103.2,60,43,4,1,0.992,1.956
5,-19.35,1.49,0.0,0.0,103.2,56,43,0,0,0.99,0.7918
6,36.9,1.39,0.51,1.2,105.6,55,44,3,1,0.9881,1.2853
7,432.35,0.71,0.41,0.02,93.6,54,39,2,2,0.9861,1.3402
8,147.75,1.52,0.02,0.0,108.0,62,45,2,0,0.9841,0.9892
9,130.8,1.14,0.38,0.33,93.6,54,39,2,1,0.9821,1.1479
10,198.75,1.22,0.0,0.2,112.8,57,47,0,1,0.9802,1.0165
11,-71.95,1.43,0.0,0.0,115.2,62,48,0,0,0.9782,0.9558
12,-503.5,1.99,3.72,0.57,110.4,63,46,1,2,0.9763,1.7767
13,-12.0,1.55,0.02,0.02,79.2,46,33,1,1,0.9743,0.9978
14,-161.45,1.64,2.67,0.75,98.4,54,41,1,1,0.9724,1.2279
15,-92.9,1.86,0.68,0.9,96.0,54,40,4,1,0.9704,1.6849
16,110.1,1.97,0.0,0.22,120.0,65,50,0,1,0.9685,1.3289
17,-98.35,1.71,0.0,0.0,96.0,52,40,0,0,0.9665,0.865
18,53.1,1.02,0.8,0.0,105.6,53,44,2,0,0.9646,0.9541
19,296.55,1.32,0.0,0.02,108.0,56,45,0,2,0.9627,1.3864
20,-96.3,1.9,1.38,0.0,112.8,65,47,1,0,0.9608,1.0808
21,-564.25,1.6,0.02,1.45,100.8,56,42,2,5,0.9588,2.6025
22,-42.1,1.3,0.0,0.0,105.6,55,44,0,0,0.9569,0.8509
23,323.05,1.36,0.02,0.0,117.6,63,49,3,0,0.955,1.2179
24,-13.95,1.83,0.02,0.02,120.0,64,50,1,1,0.9531,1.3864
25,8.45,1.34,0.0,0.0,103.2,55,43,0,0,0.9512,0.9092
26,39.3,0.92,0.9,0.0,103.2,54,43,2,0,0.9493,0.9865
27,154.25,1.76,0.78,0.36,105.6,57,44,3,2,0.9474,1.984
28,-275.1,1.94,0.0,1.77,115.2,64,48,0,1,0.9455,1.4226
29,18.55,1.42,0.0,0.0,110.4,56,46,0,0,0.9436,1.0211
30,-1084.95,1.47,1.85,1.68,96.0,52,40,5,4,0.9417,3.2657
31,244.55,1.1,0.02,0.0,98.4,55,41,2,0,0.9398,1.1524
32,-23.7,1.59,0.0,0.0,122.4,67,51,0,0,0.9379,1.0103
33,-376.6,1.21,1.4,1.1,100.8,54,42,2,2,0.9361,1.8185
34,347.75,1.27,0.0,0.02,96.0,52,40,0,2,0.9342,1.358
35,206.3,1.27,0.0,0.02,108.0,60,45,0,1,0.9323,0.9862
36,133.2,1.6,2.43,0.43,117.6,62,49,1,3,0.9305,1.7114
37,-69.8,1.59,0.0,0.0,105.6,52,44,0,0,0.9286,0.8168
38,-139.45,1.25,0.0,0.0,88.8,51,37,0,0,0.9267,0.964
39,199.7,1.92,0.02,0.02,110.4,63,46,1,1,0.9249,1.2973
40,-62.9,2.09,0.0,0.85,110.4,61,46,0,1,0.923,1.2915
41,-78.5,1.63,0.0,0.0,98.4,53,41,0,0,0.9212,0.876
42,218.15,1.43,0.02,0.25,98.4,55,41,1,1,0.9194,1.1853
43,20.25,1.51,0.0,0.0,112.8,57,47,0,0,0.9175,1.0796
44,7.75,1.63,0.0,0.0,122.4,65,51,0,0,0.9157,0.9378
45,-427.25,1.63,1.58,1.57,93.6,52,39,3,2,0.9138,1.8648
46,-133.2,1.46,1.09,0.0,100.8,50,42,3,0,0.912,1.1654
47,-173.9,1.44,0.02,0.0,115.2,61,48,1,0,0.9102,1.16
48,-52.1,1.87,1.38,0.52,120.0,64,50,2,1,0.9084,1.4849
49,-97.25,1.61,0.97,0.0,100.8,55,42,2,0,0.9066,1.1854
50,-201.95,1.31,2.8,0.0,98.4,54,41,1,0,0.9047,1.1529
51,-362.5,1.47,1.9,0.57,98.4,52,41,3,2,0.9029,1.8306
52,269.05,1.63,0.02,0.18,112.8,62,47,2,1,0.9011,1.2731
53,-138.45,1.15,0.02,0.0,96.0,55,40,1,0,0.8993,1.1014
54,130.85,1.15,2.98,0.12,100.8,54,42,1,2,0.8975,1.6051
55,334.4,1.13,0.17,0.02,110.4,60,46,2,1,0.8957,1.4197
56,28.35,2.01,0.02,0.0,117.6,66,49,1,0,0.8939,1.1079
57,299.65,1.33,0.02,0.2,93.6,52,39,1,2,0.8922,1.4244
58,222.7,0.84,0.57,0.02,100.8,57,42,1,1,0.8904,1.1799
59,165.0,1.16,0.02,0.0,112.8,57,47,1,0,0.8886,1.0269
60,-99.9,1.57,0.63,0.0,112.8,65,47,2,0,0.8868,1.4152
61,-116.0,1.83,0.0,0.0,98.4,56,41,0,0,0.885,0.8532
62,-107.0,1.16,0.0,0.0,91.2,48,38,0,0,0.8833,0.8402
63,-216.65,1.72,0.19,1.47,93.6,56,39,2,3,0.8815,2.0828
64,0.65,1.57,0.0,0.0,120.0,65,50,0,0,0.8797,1.0014
65,-66.1,1.66,0.0,0.0,105.6,55,44,0,0,0.878,0.7886
66,273.3,1.41,0.02,0.33,96.0,50,40,1,2,0.8762,1.7814
67,101.0,1.07,0.0,0.0,115.2,63,48,0,0,0.8745,0.8284
68,-1092.2,2.39,0.0,3.2,100.8,58,42,0,2,0.8727,1.7543
69,10.55,1.26,0.02,0.0,110.4,59,46,3,0,0.871,1.2868
70,321.25,1.51,0.51,0.02,98.4,52,41,2,2,0.8692,1.8003
71,165.0,1.01,0.02,0.0,120.0,63,50,1,0,0.8675,1.0476
72,-395.55,1.8,1.42,0.0,100.8,58,42,6,0,0.8658,1.6083
73,99.4,1.04,0.55,0.0,108.0,58,45,2,0,0.864,1.0764
74,-142.85,1.13,2.07,0.0,103.2,55,43,1,0,0.8623,1.1222
75,21.15,1.64,1.8,0.36,98.4,55,41,3,3,0.8606,2.0896
76,110.35,1.39,0.02,0.4,110.4,65,46,1,1,0.8589,1.6263
77,-123.5,1.33,2.2,0.0,108.0,56,45,1,0,0.8571,1.1554
78,-344.0,1.94,0.95,0.25,86.4,45,36,2,1,0.8554,1.6188
79,325.45,1.44,0.06,0.02,110.4,62,46,2,1,0.8537,1.3009
80,-442.65,1.46,0.02,1.48,105.6,59,44,3,1,0.852,1.8369
81,-129.2,1.59,0.95,0.86,91.2,53,38,4,2,0.8503,2.0431
82,-143.55,0.92,0.0,0.18,98.4,54,41,0,1,0.8486,1.5526
83,-127.8,1.27,1.8,0.0,108.0,59,45,2,0,0.8469,1.45
84,-565.0,1.77,2.87,0.85,110.4,62,46,1,3,0.8452,2.2372
85,-30.8,1.38,0.0,0.0,100.8,53,42,0,0,0.8435,0.838
86,39.95,1.37,0.02,0.0,105.6,56,44,1,0,0.8418,1.226
87,-590.45,1.41,1.63,1.58,100.8,56,42,5,1,0.8402,2.129
88,423.95,2.02,0.02,0.02,117.6,66,49,1,2,0.8385,1.6548
89,-1.8,1.03,0.0,0.02,93.6,52,39,0,1,0.8368,1.1275
90,241.1,1.5,0.4,0.02,91.2,51,38,2,1,0.8351,1.3329
91,161.55,1.51,0.0,0.02,115.2,59,48,0,1,0.8334,1.2586
92,77.85,1.76,0.0,0.02,112.8,64,47,0,1,0.8318,1.3267
93,30.05,1.53,1.13,0.02,93.6,49,39,1,1,0.8301,1.3163
94,35.0,1.3,0.0,0.0,105.6,58,44,0,0,0.8285,1.1144
95,-42.2,1.31,0.0,0.02,110.4,62,46,0,1,0.8268,1.2582
96,128.85,1.37,0.5,0.02,115.2,61,48,1,1,0.8251,1.4133
97,-22.7,1.4,0.02,0.0,93.6,49,39,1,0,0.8235,0.8297
98,192.05,1.49,0.0,0.02,110.4,59,46,0,1,0.8219,1.0909
99,142.2,1.41,1.32,0.02,105.6,59,44,2,1,0.8202,1.3756
100,28.8,1.6,0.6,0.0,117.6,65,49,1,0,0.8186,1.1364
101,-64.75,1.4,0.0,0.0,96.0,52,40,0,0,0.8169,0.6845
102,-488.05,1.51,0.0,2.32,93.6,49,39,0,1,0.8153,1.5715
103,209.7,0.89,1.03,0.02,108.0,56,45,1,1,0.8137,1.4226
104,28.85,1.98,0.02,0.0,115.2,65,48,1,0,0.812,1.1455
105,101.05,1.58,1.63,0.14,84.0,49,35,4,4,0.8104,2.3963
106,-145.8,1.61,0.0,0.0,96.0,52,40,0,0,0.8088,0.8805
107,81.4,1.03,0.0,0.0,103.2,53,43,0,0,0.8072,0.8916
108,-241.35,1.79,0.39,2.52,108.0,61,45,2,1,0.8056,1.6521
109,-136.25,1.57,0.0,1.42,105.6,56,44,0,1,0.8039,1.2692
110,-354.65,1.63,1.33,1.58,100.8,56,42,4,1,0.8023,1.9188
111,17.15,1.26,0.0,1.05,110.4,61,46,0,1,0.8007,1.5045
112,95.05,2.07,0.0,0.02,117.6,64,49,0,1,0.7991,1.1477
113,-38.35,1.48,0.0,0.0,103.2,55,43,0,0,0.7975,0.8325
114,-185.65,0.93,1.51,0.0,98.4,52,41,3,0,0.7959,1.433
115,-10.8,1.49,0.0,0.65,105.6,58,44,0,1,0.7944,1.2459
116,-56.6,1.91,0.02,0.0,112.8,63,47,1,0,0.7928,1.0847
117,243.75,1.84,1.39,0.09,91.2,51,38,3,3,0.7912,1.7785
118,-49.6,1.21,0.0,0.0,103.2,55,43,0,0,0.7896,1.1141
119,-165.85,1.59,0.0,1.27,115.2,59,48,0,2,0.788,1.7287
120,-1522.5,1.96,0.0,3.72,93.6,58,39,0,1,0.7864,1.6094
121,-130.0,1.81,0.0,0.0,98.4,56,41,0,0,0.7849,0.8371
122,4.9,1.39,0.98,0.0,105.6,56,44,3,0,0.7833,1.319
123,154.95,1.66,0.0,0.02,98.4,57,41,0,2,0.7817,1.4773
124,12.4,1.67,0.23,0.0,117.6,63,49,1,0,0.7802,1.1405
125,-46.8,1.37,1.02,0.0,103.2,55,43,1,0,0.7786,1.0191
126,253.7,1.39,0.0,0.02,98.4,57,41,0,2,0.777,1.3683
127,31.85,1.22,0.0,0.0,108.0,58,45,0,0,0.7755,0.9097
128,14.05,1.94,0.88,0.4,115.2,63,48,3,1,0.7739,1.7414
129,-589.25,1.58,0.02,0.0,86.4,53,36,1,0,0.7724,1.2794
130,167.45,1.36,1.0,0.02,105.6,56,44,1,1,0.7709,1.2324
131,-84.6,1.86,1.0,0.0,105.6,58,44,1,0,0.7693,1.02
132,-141.55,1.93,1.54,0.02,108.0,61,45,5,1,0.7678,1.8346
133,22.25,1.39,0.0,0.02,96.0,50,40,0,1,0.7662,1.2335
134,-16.25,1.28,0.0,0.0,100.8,51,42,0,0,0.7647,0.9402
135,-358.45,1.75,1.17,0.0,105.6,60,44,5,0,0.7632,1.6866
136,-514.35,1.77,2.14,0.98,108.0,61,45,3,2,0.7616,2.0361
137,46.05,1.32,0.5,0.0,103.2,59,43,1,0,0.7601,1.0511
138,-366.4,1.41,2.18,0.0,96.0,51,40,2,0,0.7586,1.2253
139,111.6,1.55,0.02,0.0,105.6,57,44,1,0,0.7571,1.0608
140,7.8,1.56,0.0,0.0,122.4,64,51,0,0,0.7556,1.0262
141,115.4,1.1,0.02,0.02,93.6,52,39,1,1,0.7541,0.987
142,91.6,1.06,0.02,0.0,93.6,53,39,2,0,0.7526,0.9416
143,510.4,1.22,0.02,0.02,110.4,58,46,1,2,0.751,1.4537
144,69.75,1.68,0.46,0.0,115.2,63,48,2,0,0.7495,1.3042
145,-52.05,1.32,0.0,0.0,100.8,53,42,0,0,0.748,0.7373
146,-66.35,1.61,0.0,0.0,103.2,55,43,0,0,0.7466,0.9142
147,-1988.55,2.53,4.0,3.29,96.0,52,40,3,2,0.7451,2.5641
148,270.0,1.79,0.02,0.02,115.2,63,48,1,1,0.7436,1.2644
149,-160.8,2.03,0.0,0.0,91.2,50,38,0,0,0.7421,0.8467
150,104.1,1.9,0.81,0.02,86.4,50,36,3,2,0.7406,1.6293
151,287.4,1.16,0.0,0.02,120.0,62,50,0,1,0.7391,1.2001
152,58.75,1.76,0.02,0.0,115.2,65,48,1,0,0.7376,1.0172
153,-91.65,1.82,1.17,0.68,88.8,51,37,1,2,0.7362,1.5317
154,40.25,1.53,0.0,0.85,108.0,56,45,0,1,0.7347,1.1182
155,142.25,2.31,0.02,0.02,108.0,56,45,1,1,0.7332,1.3213
156,-976.5,2.25,1.96,2.2,105.6,57,44,6,1,0.7318,2.2838
157,124.4,1.59,0.0,0.02,98.4,55,41,0,1,0.7303,1.1039
158,127.0,1.23,0.02,0.0,115.2,60,48,1,0,0.7288,1.0361
159,-1754.35,2.33,2.5,3.37,96.0,55,40,1,3,0.7274,2.5474
160,-83.75,2.17,0.0,0.0,120.0,65,50,0,0,0.7259,1.0717
161,-25.45,1.44,0.0,0.0,98.4,53,41,0,0,0.7245,0.8659
162,81.45,1.21,0.46,0.07,88.8,48,37,4,1,0.723,1.576
163,132.15,1.32,0.02,0.0,110.4,59,46,1,0,0.7216,0.9676
164,-322.85,1.93,1.97,1.52,115.2,62,48,1,1,0.7201,1.556
165,417.35,1.62,0.0,0.08,98.4,56,41,0,3,0.7187,1.5253
166,121.15,1.51,0.0,0.02,105.6,55,44,0,1,0.7172,1.1887
167,38.85,1.39,0.0,0.0,117.6,62,49,0,0,0.7158,0.9962
168,-1527.0,2.47,2.55,2.89,105.6,59,44,1,3,0.7144,2.273
169,-155.1,1.93,0.0,0.0,93.6,52,39,0,0,0.713,0.8202
170,-275.0,1.61,0.0,0.0,103.2,57,43,0,0,0.7115,1.2588
171,-181.75,1.66,1.37,0.55,96.0,55,40,4,1,0.7101,1.7603
172,-123.3,1.94,0.0,0.0,120.0,67,50,0,0,0.7087,0.9805
173,158.8,1.33,0.8,0.02,108.0,55,45,1,1,0.7073,1.0976
174,83.95,2.31,0.02,0.02,72.0,45,30,3,2,0.7059,1.6333
175,222.15,1.28,0.0,0.02,110.4,60,46,0,1,0.7044,1.0941
176,-314.25,1.67,0.58,0.02,108.0,64,45,2,1,0.703,1.6352
177,144.15,1.52,0.02,0.43,93.6,55,39,1,1,0.7016,1.0535
178,-80.15,0.95,0.0,0.0,93.6,49,39,0,0,0.7002,1.0897
179,-33.0,1.91,0.0,0.0,117.6,62,49,0,0,0.6988,1.065
180,-1416.4,1.78,1.84,1.53,100.8,58,42,6,1,0.6974,2.7945
181,-175.2,0.97,1.86,0.02,96.0,51,40,3,1,0.696,1.6347
182,-91.2,1.2,2.02,0.0,103.2,57,43,1,0,0.6946,1.0147
183,-57.25,1.9,3.02,0.75,110.4,60,46,1,4,0.6932,2.0599
184,-148.65,1.71,1.29,0.0,110.4,64,46,3,0,0.6919,1.5918
185,-343.05,1.82,2.98,0.0,84.0,50,35,1,0,0.6905,1.0955
186,95.75,1.16,0.1,0.0,100.8,54,42,1,0,0.6891,1.0319
187,101.8,1.4,0.23,0.0,110.4,61,46,1,0,0.6877,0.8762
188,-138.35,1.76,0.02,1.58,115.2,65,48,1,1,0.6863,1.4258
189,-112.2,1.77,0.38,1.18,98.4,53,41,2,1,0.685,1.5759
190,28.35,1.25,0.02,0.0,103.2,54,43,1,0,0.6836,1.247
191,-253.5,1.66,2.08,1.0,108.0,59,45,1,1,0.6822,1.4983
192,-95.8,1.34,0.02,1.12,115.2,64,48,1,1,0.6809,1.4634
193,-122.8,1.36,0.02,0.0,105.6,54,44,1,0,0.6795,1.1389
194,57.85,1.56,0.0,0.02,93.6,49,39,0,1,0.6781,1.2033
195,383.15,1.56,0.02,0.02,96.0,54,40,3,1,0.6768,1.5182
196,-126.8,1.84,1.95,0.0,115.2,65,48,1,0,0.6754,1.3018
197,-219.65,1.76,1.55,0.0,103.2,54,43,2,0,0.6741,1.2143
198,-2545.45,2.66,0.02,2.79,81.6,48,34,1,6,0.6727,3.4342
199,70.35,1.08,0.0,0.0,103.2,52,43,0,0,0.6714,1.0632
200,-438.05,1.73,1.43,1.49,103.2,59,43,3,2,0.6701,2.0782
201,38.7,1.07,0.13,0.02,100.8,55,42,3,1,0.6687,1.4969
202,439.4,1.52,0.02,0.02,91.2,50,38,2,2,0.6674,1.6546
203,114.15,0.92,0.0,0.0,115.2,61,48,0,0,0.666,0.983
204,-418.5,2.05,2.29,0.78,110.4,62,46,3,2,0.6647,2.1019
205,-162.65,1.09,1.47,0.0,93.6,52,39,2,0,0.6634,1.2953
206,-172.3,1.43,0.0,0.0,105.6,57,44,0,0,0.6621,1.0671
207,-1659.35,2.32,2.11,1.81,86.4,53,36,2,4,0.6607,2.8481
208,42.25,2.0,0.02,0.0,115.2,65,48,1,0,0.6594,1.1621
209,-161.4,2.02,0.0,0.0,93.6,53,39,0,0,0.6581,0.8854
210,-53.55,1.34,0.02,2.0,100.8,55,42,3,1,0.6568,1.5424
211,226.65,1.41,0.02,0.0,117.6,60,49,2,0,0.6555,1.0453
212,137.1,2.61,1.19,0.2,105.6,59,44,2,3,0.6541,1.7256
213,-25.45,1.25,0.37,1.27,91.2,52,38,3,1,0.6528,1.4607
214,-55.15,1.74,0.0,0.0,100.8,52,42,0,0,0.6515,1.0053
215,-66.2,1.57,1.43,0.0,100.8,58,42,1,0,0.6502,1.1417
216,69.75,1.53,0.02,0.0,122.4,69,51,1,0,0.6489,1.168
217,132.15,1.68,0.0,0.02,100.8,56,42,0,1,0.6476,1.1903
218,182.55,1.23,0.0,0.02,108.0,56,45,0,1,0.6463,1.2604
219,258.9,1.82,0.02,0.02,108.0,57,45,1,1,0.645,1.1596
220,204.2,1.73,0.02,0.02,112.8,66,47,1,1,0.6438,1.2493
221,-79.95,1.99,0.0,0.25,93.6,50,39,0,1,0.6425,1.3038
222,-499.2,1.17,0.62,0.43,108.0,59,45,2,2,0.6412,1.8565
223,61.05,1.62,2.03,0.02,103.2,60,43,1,1,0.6399,1.2646
224,-43.35,1.68,1.2,0.0,115.2,64,48,2,0,0.6386,1.485
225,77.5,1.4,0.58,0.0,105.6,58,44,2,0,0.6373,1.1667
226,-190.25,1.59,0.0,0.68,88.8,46,37,0,1,0.6361,1.1678
227,2.2,1.14,1.06,0.95,115.2,58,48,3,1,0.6348,1.6247
228,-149.85,1.36,1.45,0.0,112.8,65,47,1,0,0.6335,1.1481
229,-91.95,1.61,0.0,0.0,96.0,50,40,0,0,0.6323,0.8194
230,132.6,1.26,0.0,0.02,96.0,52,40,0,1,0.631,1.3864
231,148.55,1.36,0.0,0.3,110.4,61,46,0,1,0.6297,1.2805
232,78.5,1.99,0.33,0.0,117.6,66,49,2,0,0.6285,1.1503
233,149.1,1.48,0.18,0.0,108.0,61,45,2,0,0.6272,1.0221
234,-99.7,1.73,3.72,0.02,96.0,56,40,1,2,0.626,1.7711
235,235.4,1.35,0.0,0.02,112.8,62,47,0,1,0.6247,1.1408
236,211.0,1.79,0.02,0.02,117.6,65,49,1,1,0.6235,1.2987
237,365.75,1.81,0.02,0.31,100.8,56,42,2,3,0.6222,1.8906
238,251.5,1.78,1.15,0.02,105.6,56,44,1,2,0.621,1.6887
239,197.5,1.04,0.02,0.0,120.0,59,50,1,0,0.6197,1.1314
240,360.95,1.44,0.02,0.0,127.2,67,53,4,0,0.6185,1.4269
241,18.25,1.79,0.0,0.02,96.0,55,40,0,1,0.6172,1.2781
242,-63.95,1.28,0.0,0.0,98.4,51,41,0,0,0.616,1.1318
243,410.1,0.99,0.25,0.02,98.4,54,41,4,1,0.6148,1.3835
244,-194.25,1.62,1.73,0.0,117.6,65,49,2,0,0.6136,1.3884
245,-68.3,1.6,0.0,0.0,96.0,50,40,0,0,0.6123,0.9571
246,-286.65,1.13,1.7,0.0,105.6,61,44,4,0,0.6111,1.4814
247,72.4,1.35,0.02,0.0,100.8,57,42,1,0,0.6099,1.0663
248,-115.2,1.72,0.37,0.0,112.8,62,47,1,0,0.6087,1.1922
249,130.25,1.37,0.81,0.02,103.2,55,43,6,1,0.6074,1.8105
250,156.1,1.28,0.0,0.02,103.2,56,43,0,1,0.6062,1.1217
251,338.2,1.02,0.02,0.02,112.8,61,47,1,1,0.605,1.327
252,-1631.8,2.32,1.23,0.0,96.0,58,40,1,0,0.6038,1.8054
253,84.2,2.27,0.02,0.02,84.0,45,35,2,1,0.6026,1.2058
254,132.8,1.29,0.27,0.0,112.8,58,47,2,0,0.6014,1.1678
255,138.95,1.41,0.02,0.0,117.6,61,49,1,0,0.6002,1.0579
256,113.5,1.64,0.02,0.0,120.0,66,50,1,0,0.599,0.9424
257,-68.25,1.29,1.03,0.0,100.8,53,42,2,0,0.5978,1.1926
258,124.25,1.72,0.0,0.27,88.8,48,37,0,2,0.5966,1.3182
259,26.5,1.56,0.78,0.0,112.8,59,47,2,0,0.5954,1.281
260,184.1,1.55,0.02,0.0,117.6,66,49,2,0,0.5942,1.1196
261,-390.8,1.5,2.2,0.63,88.8,48,37,2,1,0.593,1.5442
262,19.85,1.16,0.02,0.0,93.6,49,39,1,0,0.5918,1.0645
263,218.5,1.23,0.0,0.02,110.4,61,46,0,1,0.5907,1.03
264,46.6,1.46,0.02,0.0,122.4,68,51,1,0,0.5895,1.0113
265,122.25,1.6,0.02,0.0,100.8,56,42,2,0,0.5883,1.1251
266,-65.95,1.67,0.0,0.0,105.6,56,44,0,0,0.5871,0.8569
267,-450.6,1.79,1.31,1.39,105.6,56,44,3,2,0.5859,2.0752
268,0.9,1.4,1.13,0.0,117.6,65,49,1,0,0.5848,1.0532
269,-9.8,1.44,0.57,0.0,93.6,54,39,1,0,0.5836,0.8807
270,-258.9,1.39,0.6,2.13,96.0,51,40,2,1,0.5824,1.4578
271,117.9,1.56,0.02,0.0,115.2,62,48,1,0,0.5813,0.992
272,75.1,1.66,0.3,0.0,120.0,63,50,2,0,0.5801,1.2093
273,75.3,1.23,0.93,0.59,105.6,60,44,3,2,0.5789,1.6981
274,10.0,1.28,0.0,0.0,108.0,56,45,0,0,0.5778,1.0383
275,-40.05,1.6,1.06,0.0,110.4,59,46,4,0,0.5766,1.5342
276,-549.2,1.53,2.21,0.0,103.2,60,43,4,0,0.5755,1.5684
277,-17.85,1.22,1.2,0.02,93.6,52,39,1,1,0.5743,1.2014
278,206.3,1.62,0.02,0.02,91.2,50,38,1,1,0.5732,1.1348
279,-1889.4,1.77,0.0,0.02,100.8,57,42,0,1,0.572,1.9953
280,-68.1,2.01,0.0,0.0,117.6,65,49,0,0,0.5709,0.9277
281,257.8,1.01,0.02,0.02,96.0,51,40,1,1,0.5697,1.1465
282,96.4,0.81,0.67,0.0,98.4,53,41,6,0,0.5686,1.5958
283,218.05,1.18,0.0,0.02,100.8,52,42,0,1,0.5675,1.1283
284,20.3,2.12,0.02,0.0,122.4,65,51,1,0,0.5663,1.1619
285,-206.05,1.66,1.37,0.0,93.6,52,39,2,0,0.5652,1.2032
286,-479.9,1.39,3.03,2.05,103.2,54,43,1,1,0.5641,1.6785
287,9.1,1.32,0.0,0.0,105.6,57,44,0,0,0.5629,0.8555
288,-615.1,2.04,2.69,0.97,112.8,63,47,3,1,0.5618,1.6868
289,-105.0,1.58,0.0,0.0,100.8,55,42,0,0,0.5607,0.8287
290,221.7,1.37,0.02,0.0,112.8,61,47,2,0,0.5596,1.051
291,-146.6,1.54,0.79,0.06,100.8,59,42,3,2,0.5585,1.917
292,-44.35,1.67,0.0,0.0,120.0,67,50,0,0,0.5573,0.9052
293,-18.9,1.69,0.02,0.0,93.6,53,39,1,0,0.5562,0.9191
294,81.9,1.21,0.43,0.0,100.8,54,42,3,0,0.5551,1.2817
295,174.7,1.71,0.02,0.0,110.4,59,46,2,0,0.554,1.0296
296,-566.45,1.66,1.58,0.0,105.6,62,44,3,0,0.5529,1.4874
297,28.2,1.56,0.91,0.42,93.6,48,39,5,2,0.5518,1.8944
298,-171.25,1.7,2.4,0.9,103.2,58,43,1,1,0.5507,1.3294
299,411.45,1.26,0.02,0.02,108.0,60,45,1,2,0.5496,1.5833
300,-198.6,1.59,2.55,0.65,112.8,62,47,1,1,0.5485,1.5949
301,45.1,1.63,0.02,0.88,96.0,53,40,1,1,0.5474,1.2763
302,18.5,1.12,0.02,0.0,98.4,54,41,1,0,0.5463,1.0064
303,-1022.35,2.16,1.81,2.04,100.8,56,42,3,3,0.5452,2.4663
304,-502.85,2.14,5.07,0.67,100.8,58,42,1,1,0.5441,1.4356
305,133.45,1.45,0.0,0.02,96.0,54,40,0,1,0.543,1.2831
306,-168.6,1.2,1.68,0.02,103.2,57,43,5,1,0.5419,1.9434
307,-354.6,1.96,0.0,2.5,108.0,61,45,0,1,0.5408,1.3573
308,-485.8,2.19,0.0,1.97,110.4,63,46,0,1,0.5398,1.6587
309,-510.45,1.27,1.31,1.21,88.8,50,37,3,2,0.5387,2.0448
310,-40.15,1.41,0.0,0.0,108.0,54,45,0,0,0.5376,1.1248
311,58.45,1.12,0.0,0.0,115.2,60,48,0,0,0.5365,0.8527
312,-1574.55,1.89,1.18,0.0,96.0,58,40,2,0,0.5355,1.9631
313,-18.65,1.62,0.0,0.0,105.6,58,44,0,0,0.5344,0.8042
314,-269.3,1.16,3.05,0.0,98.4,52,41,1,0,0.5333,1.0296
315,-320.75,1.81,5.43,0.38,103.2,55,43,1,2,0.5323,1.6163
316,54.0,1.58,0.6,0.0,120.0,67,50,1,0,0.5312,1.1633
317,1.0,1.62,0.02,0.0,96.0,52,40,1,0,0.5301,0.9624
318,-378.0,1.74,1.21,1.16,91.2,49,38,2,2,0.5291,1.8175
319,9.9,1.61,0.0,0.0,112.8,60,47,0,0,0.528,0.938
320,45.9,1.71,0.78,0.72,110.4,62,46,3,1,0.527,1.3724
321,213.2,1.42,0.02,0.02,105.6,55,44,1,1,0.5259,1.1737
322,350.4,1.65,0.02,0.23,103.2,51,43,1,2,0.5248,1.5468
323,144.2,1.36,0.02,0.0,117.6,59,49,1,0,0.5238,1.0475
324,918.8,1.61,0.28,0.05,120.0,67,50,1,5,0.5228,2.1689
325,32.4,1.53,0.02,0.0,100.8,55,42,1,0,0.5217,0.8815
326,109.45,2.09,0.02,0.02,98.4,52,41,1,1,0.5207,1.4242
327,-165.6,1.77,0.57,0.43,103.2,59,43,2,2,0.5196,1.7975
328,-77.35,1.94,0.4,0.87,120.0,65,50,1,1,0.5186,1.6415
329,-91.05,1.61,0.0,0.0,100.8,56,42,0,0,0.5175,0.8508
330,293.05,1.59,0.02,0.02,96.0,54,40,1,2,0.5165,1.5934
331,56.95,1.84,0.0,0.02,110.4,60,46,0,1,0.5155,1.4236
332,153.25,2.06,0.0,0.02,122.4,66,51,0,1,0.5144,1.1288
333,-419.4,1.62,2.88,0.02,86.4,49,36,2,1,0.5134,1.5553
334,-75.05,1.1,1.56,0.0,112.8,61,47,2,0,0.5124,1.196
335,163.95,1.14,0.02,0.0,115.2,60,48,1,0,0.5114,1.0389
336,-410.15,1.88,2.92,1.47,112.8,58,47,1,1,0.5103,1.508
337,164.4,1.11,0.0,0.18,103.2,57,43,0,1,0.5093,1.0429
338,-29.9,1.37,0.93,0.0,103.2,56,43,2,0,0.5083,1.3117
339,202.9,1.37,0.02,0.0,105.6,59,44,2,0,0.5073,1.0879
340,192.0,1.62,0.0,0.02,117.6,66,49,0,1,0.5063,1.2366
341,-92.4,2.21,0.02,1.12,98.4,56,41,1,1,0.5053,1.3542
342,110.6,1.44,1.0,0.25,103.2,55,43,2,1,0.5042,1.6663
343,109.8,0.93,0.0,0.0,115.2,55,48,0,0,0.5032,0.9044
344,-733.55,1.81,0.0,2.11,100.8,60,42,0,3,0.5022,1.9142
345,-112.75,1.82,1.27,0.02,100.8,55,42,2,1,0.5012,1.5166
346,151.15,1.99,0.02,0.02,98.4,53,41,1,1,0.5002,1.1881
347,253.65,1.39,0.96,0.02,115.2,59,48,3,1,0.4992,1.6112
348,-81.55,2.01,0.96,0.0,117.6,64,49,4,0,0.4982,1.4766
349,19.4,1.69,0.02,0.0,96.0,52,40,1,0,0.4972,0.999
350,-35.6,1.24,0.02,0.0,96.0,54,40,1,0,0.4962,0.9742
351,-313.1,1.69,0.0,0.0,105.6,58,44,0,0,0.4952,1.1123
352,62.0,1.89,0.02,0.0,112.8,63,47,1,0,0.4943,1.0197
353,107.65,1.11,0.36,0.0,110.4,58,46,2,0,0.4933,1.1728
354,166.1,1.96,0.02,0.02,91.2,50,38,2,1,0.4923,1.2415
355,-57.1,1.61,1.37,0.0,100.8,57,42,1,0,0.4913,0.983
356,-387.6,2.23,2.32,0.0,110.4,62,46,2,0,0.4903,1.3979
357,181.0,1.44,0.02,0.0,108.0,58,45,2,0,0.4893,0.9798
358,131.7,1.4,0.02,0.97,100.8,52,42,2,1,0.4884,1.4722
359,-3.15,1.44,0.0,0.0,112.8,61,47,0,0,0.4874,0.9338
360,-0.7,1.93,0.22,0.02,117.6,65,49,1,1,0.4864,1.343
361,79.05,1.82,0.02,0.02,88.8,47,37,1,1,0.4854,1.1971
362,422.7,1.06,0.08,0.0,108.0,56,45,5,0,0.4845,1.4215
363,-216.45,1.42,1.88,0.42,108.0,61,45,2,2,0.4835,1.9721
364,150.45,1.9,0.0,0.02,117.6,67,49,0,1,0.4825,1.2777
365,-62.85,1.23,0.0,0.0,96.0,53,40,0,0,0.4816,0.8836
366,326.25,1.06,0.02,0.47,100.8,57,42,1,2,0.4806,1.3787
367,229.95,1.22,0.0,0.02,108.0,57,45,0,1,0.4796,0.9968
368,-175.15,2.45,1.18,1.22,115.2,63,48,1,1,0.4787,1.5175
369,-1059.85,1.46,1.48,2.21,93.6,50,39,2,2,0.4777,1.9763
370,-26.9,1.35,0.0,0.0,103.2,53,43,0,0,0.4768,0.9152
371,105.3,1.33,0.02,0.0,103.2,57,43,1,0,0.4758,1.0144
372,-51.95,1.82,1.1,0.0,117.6,64,49,3,0,0.4749,1.2552
373,215.15,1.54,0.02,0.0,103.2,56,43,3,0,0.4739,1.1608
374,176.95,1.36,0.0,0.02,108.0,56,45,0,1,0.473,1.1278
375,721.65,1.45,0.13,0.02,115.2,61,48,4,2,0.472,1.7646
376,560.6,1.62,0.0,0.07,124.8,67,52,0,3,0.4711,1.5474
377,-85.15,1.68,1.03,0.0,105.6,58,44,2,0,0.4701,1.1869
378,-1460.4,1.83,4.68,2.51,88.8,52,37,1,3,0.4692,2.6335
379,82.75,1.45,0.02,0.0,115.2,59,48,1,0,0.4682,1.0335
380,-94.05,1.92,1.22,0.0,112.8,65,47,1,0,0.4673,1.1664
381,-180.4,1.29,0.89,0.02,100.8,55,42,3,1,0.4664,1.7582
382,117.0,1.27,0.02,0.0,98.4,52,41,2,0,0.4654,1.2141
383,-39.95,1.94,0.68,0.0,105.6,58,44,1,0,0.4645,1.0148
384,-911.35,1.84,0.0,1.23,112.8,63,47,0,2,0.4636,1.7902
385,-50.5,1.23,0.0,0.0,103.2,53,43,0,0,0.4627,0.9651
386,-57.15,1.47,0.02,0.0,93.6,51,39,1,0,0.4617,0.9323
387,-285.15,1.73,1.21,0.0,100.8,57,42,6,0,0.4608,1.7207
388,-35.7,1.94,0.0,0.0,122.4,63,51,0,0,0.4599,1.0281
389,-226.2,1.94,2.65,0.0,100.8,57,42,1,0,0.459,1.1293
390,-398.45,1.35,1.34,0.0,96.0,54,40,3,0,0.458,1.5014
391,130.85,1.18,0.22,0.0,103.2,57,43,2,0,0.4571,1.2566
392,254.9,1.88,0.02,0.02,122.4,65,51,1,1,0.4562,1.2939
393,-396.4,1.49,1.32,0.0,91.2,53,38,3,0,0.4553,1.343
394,86.8,1.62,0.02,0.0,96.0,54,40,2,0,0.4544,1.1625
395,236.7,1.05,0.0,0.02,108.0,57,45,0,1,0.4535,1.0771
396,-227.1,1.77,1.13,1.06,110.4,60,46,4,2,0.4526,2.0066
397,-151.15,1.77,0.0,0.0,91.2,46,38,0,0,0.4517,0.8544
398,128.35,2.09,0.6,0.02,96.0,52,40,2,1,0.4508,1.3673
399,-2127.7,2.18,5.28,3.48,86.4,52,36,1,3,0.4499,2.6959
400,221.5,1.73,0.45,0.02,112.8,63,47,1,1,0.449,1.2308
401,199.4,1.18,0.02,0.02,93.6,54,39,1,1,0.4481,1.032
402,-19.5,1.07,0.02,0.98,103.2,53,43,1,3,0.4472,2.0865
403,120.15,1.12,0.27,0.0,105.6,57,44,2,0,0.4463,1.1473
404,-311.5,1.72,3.05,1.58,117.6,64,49,1,1,0.4454,1.6491
405,342.65,1.51,0.02,0.02,100.8,52,42,1,2,0.4445,1.2506
406,-44.9,1.25,0.0,0.0,105.6,57,44,0,0,0.4436,1.0021
407,-18.7,1.34,0.0,0.0,115.2,59,48,0,0,0.4427,0.8311
408,76.65,1.72,0.02,0.0,112.8,63,47,1,0,0.4418,0.9323
409,100.15,1.13,0.02,0.0,93.6,53,39,1,0,0.441,0.8779
410,133.15,1.28,0.02,0.0,110.4,61,46,1,0,0.4401,0.9327
411,79.25,1.6,0.9,0.02,98.4,54,41,2,1,0.4392,1.3613
412,190.95,1.92,0.78,0.02,115.2,63,48,2,1,0.4383,1.3566
413,186.65,1.9,0.27,0.58,110.4,63,46,1,3,0.4374,1.8587
414,276.7,2.28,0.02,0.6,105.6,57,44,1,4,0.4366,1.9834
415,90.2,1.48,0.48,0.0,110.4,62,46,1,0,0.4357,1.0846
416,-22.4,1.89,0.0,0.0,122.4,66,51,0,0,0.4348,1.2037
417,306.85,1.23,0.12,0.02,108.0,58,45,2,1,0.4339,1.3068
418,491.95,0.87,0.02,0.02,98.4,51,41,1,2,0.4331,1.5477
419,165.6,1.2,0.02,0.0,110.4,61,46,1,0,0.4322,0.9557
420,23.95,1.61,0.25,0.72,110.4,62,46,1,2,0.4313,1.6825
421,28.35,1.67,0.57,0.13,98.4,50,41,2,1,0.4305,1.4204
422,-80.5,1.4,0.97,0.0,96.0,54,40,1,0,0.4296,1.1655
423,-830.8,2.16,4.21,0.62,96.0,56,40,3,3,0.4288,2.3456
424,168.95,1.67,0.03,0.0,117.6,64,49,2,0,0.4279,1.2506
425,-2.65,1.62,0.02,0.0,96.0,55,40,1,0,0.4271,0.9124
426,-523.55,1.31,0.42,1.93,105.6,59,44,1,2,0.4262,1.9026
427,162.2,1.43,0.0,0.02,112.8,59,47,0,1,0.4253,1.182
428,4.95,1.6,0.0,0.0,122.4,66,51,0,0,0.4245,0.9882
429,502.7,2.84,0.43,0.07,76.8,44,32,3,5,0.4236,2.3033
430,169.2,1.23,0.7,0.02,100.8,53,42,1,1,0.4228,1.2107
431,40.4,1.47,0.0,0.0,112.8,61,47,0,0,0.422,0.8393
432,600.75,2.07,0.02,0.02,108.0,63,45,2,3,0.4211,1.7382
433,-53.3,1.65,0.0,0.0,110.4,55,46,0,0,0.4203,0.9553
434,19.1,1.35,0.02,0.0,96.0,52,40,1,0,0.4194,1.0885
435,-792.15,1.99,2.95,0.61,103.2,58,43,1,2,0.4186,1.8973
436,47.2,1.32,0.0,0.0,127.2,68,53,0,0,0.4177,1.0434
437,47.0,1.22,0.0,0.02,91.2,49,38,0,1,0.4169,1.0414
438,26.6,0.95,0.02,0.87,96.0,53,40,1,2,0.4161,1.5679
439,-340.25,1.25,1.48,2.48,108.0,56,45,1,1,0.4152,1.4176
440,126.2,1.54,0.0,0.02,120.0,66,50,0,1,0.4144,1.377
441,314.75,1.55,0.19,0.02,105.6,56,44,2,1,0.4136,1.4943
442,-25.4,1.34,0.0,0.0,105.6,56,44,0,0,0.4128,0.984
443,-152.35,1.83,0.27,1.25,105.6,58,44,1,2,0.4119,1.8369
444,295.25,1.48,0.04,0.0,120.0,65,50,3,0,0.4111,1.376
445,-84.3,1.43,0.0,0.0,100.8,54,42,0,0,0.4103,1.0599
446,-226.6,1.06,0.0,0.0,100.8,54,42,0,0,0.4095,0.958
447,247.65,1.52,0.41,0.18,98.4,58,41,2,2,0.4087,1.5097
448,-27.3,1.77,0.95,0.0,115.2,63,48,2,0,0.4078,1.1493
449,178.3,0.75,0.0,0.02,96.0,51,40,0,1,0.407,0.9501
450,-608.05,1.5,1.93,0.0,98.4,51,41,3,0,0.4062,1.5587
451,66.6,1.04,0.0,0.0,110.4,59,46,0,0,0.4054,1.0162
452,392.9,1.74,0.02,0.02,120.0,66,50,2,1,0.4046,1.2647
453,-256.15,1.86,0.68,1.11,93.6,53,39,2,3,0.4038,2.1188
454,292.7,1.3,0.0,0.02,91.2,47,38,0,2,0.403,1.2532
455,166.05,1.07,0.02,0.0,115.2,59,48,1,0,0.4022,1.0695
456,-1810.15,1.82,1.82,2.78,100.8,61,42,3,1,0.4014,2.5869
457,35.6,1.34,0.44,0.0,100.8,52,42,2,0,0.4006,1.0912
458,231.5,1.21,0.0,0.02,112.8,60,47,0,1,0.3997,1.1571
459,130.6,1.63,0.1,0.65,100.8,56,42,4,2,0.3989,1.8271
460,-131.4,2.28,0.0,0.82,112.8,62,47,0,1,0.3982,1.5157
461,-21.65,1.57,0.0,0.0,110.4,56,46,0,0,0.3974,0.8527
462,-858.05,1.52,2.33,1.18,91.2,51,38,5,1,0.3966,2.0429
463,251.75,1.24,0.0,0.02,115.2,62,48,0,1,0.3958,1.1589
464,-33.5,1.84,0.0,0.0,117.6,66,49,0,0,0.395,0.9219
465,-151.0,1.54,0.77,0.0,93.6,53,39,2,0,0.3942,1.0527
466,-79.15,1.29,0.0,0.0,105.6,54,44,0,0,0.3934,0.8409
467,-99.95,1.64,0.0,1.16,110.4,59,46,0,2,0.3926,1.6018
468,538.4,1.55,1.44,0.02,115.2,60,48,2,4,0.3918,1.9736
469,-60.9,1.53,0.0,0.0,98.4,51,41,0,0,0.391,0.8807
470,-51.6,1.09,0.0,0.0,96.0,50,40,0,0,0.3903,0.9167
471,24.4,1.59,0.02,1.22,103.2,59,43,3,3,0.3895,2.1833
472,18.7,1.71,0.0,0.0,124.8,66,52,0,0,0.3887,1.0507
473,23.7,1.45,0.02,0.0,98.4,49,41,1,0,0.3879,0.9188
474,-741.05,1.37,2.27,1.62,93.6,54,39,2,2,0.3871,1.947
475,90.7,1.56,0.02,0.0,110.4,61,46,1,0,0.3864,1.0081
476,169.0,1.76,0.02,0.0,117.6,64,49,2,0,0.3856,1.0975
477,-150.25,0.78,1.03,0.8,81.6,43,34,2,1,0.3848,1.3954
478,-86.4,1.51,0.0,0.0,100.8,54,42,0,0,0.3841,0.8736
479,118.6,1.24,0.02,0.0,108.0,63,45,1,0,0.3833,0.8732
480,-98.3,1.72,0.0,0.02,120.0,65,50,0,1,0.3825,1.194
481,-117.85,1.84,0.48,1.62,103.2,55,43,2,1,0.3818,1.3732
482,300.5,1.51,0.0,0.02,93.6,50,39,0,2,0.381,1.3694
483,145.5,1.21,0.02,0.0,108.0,58,45,1,0,0.3802,1.0751
484,161.15,1.65,0.33,0.55,115.2,66,48,1,1,0.3795,1.3123
485,179.35,1.65,0.0,0.02,103.2,56,43,0,1,0.3787,1.0268
486,458.1,1.21,0.02,0.8,112.8,63,47,4,1,0.378,1.6699
487,42.1,1.2,0.0,0.0,112.8,57,47,0,0,0.3772,1.0105
488,-3.95,1.66,0.42,0.0,115.2,66,48,1,0,0.3764,1.1313
489,-634.55,1.75,1.37,2.93,93.6,52,39,3,1,0.3757,1.6727
490,-120.3,1.13,0.8,0.0,93.6,54,39,2,0,0.3749,1.159
491,287.9,1.06,0.0,0.02,112.8,62,47,0,1,0.3742,1.2187
492,178.7,1.89,0.54,0.18,120.0,66,50,2,1,0.3734,1.4042
493,-68.85,1.61,0.0,0.0,103.2,56,43,0,0,0.3727,0.9216
494,-7.7,1.59,0.02,0.0,96.0,52,40,1,0,0.372,1.0347
495,-18.25,1.62,1.36,0.02,103.2,58,43,3,1,0.3712,1.527
496,74.45,1.68,0.02,0.0,124.8,68,52,1,0,0.3705,1.021
497,-17.85,1.55,0.82,0.0,100.8,56,42,1,0,0.3697,0.9681
498,-1069.75,2.22,0.0,1.99,79.2,44,33,0,3,0.369,1.9338
499,72.75,1.59,0.0,0.33,105.6,60,44,0,1,0.3682,1.3254
500,151.95,1.81,0.36,0.0,115.2,64,48,3,0,0.3675,1.1371
501,-144.95,1.9,0.68,0.0,81.6,50,34,3,0,0.3668,1.2399
502,12.9,1.37,0.7,1.12,96.0,52,40,2,1,0.366,1.3162
503,56.05,1.22,1.27,0.0,105.6,57,44,1,0,0.3653,1.0945
504,-108.85,1.91,1.89,0.02,105.6,61,44,3,2,0.3646,1.7825
505,-294.95,1.71,3.08,0.0,91.2,52,38,1,0,0.3639,1.0549
506,-13.05,1.31,0.0,0.0,100.8,53,42,0,0,0.3631,0.8866
507,-400.0,1.33,1.26,1.57,98.4,56,41,4,1,0.3624,1.6652
508,-79.7,1.73,1.02,0.0,108.0,62,45,1,0,0.3617,1.1465
509,340.5,1.59,0.0,0.02,108.0,56,45,0,2,0.3609,1.1489
510,-162.05,1.11,0.0,0.0,88.8,49,37,0,0,0.3602,0.8683
511,35.1,1.41,0.0,0.0,117.6,59,49,0,0,0.3595,0.862
512,30.9,2.01,0.02,0.8,115.2,65,48,1,1,0.3588,1.3865
513,466.05,1.09,0.02,0.47,105.6,56,44,3,2,0.3581,1.4512
514,176.7,1.45,0.32,0.0,105.6,57,44,3,0,0.3574,1.332
515,-39.4,1.74,0.0,0.0,108.0,57,45,0,0,0.3566,0.9547
516,-568.6,1.83,0.15,0.86,112.8,63,47,1,2,0.3559,1.8228
517,159.45,1.28,0.0,0.02,105.6,58,44,0,1,0.3552,1.2857
518,-137.8,1.27,0.0,0.0,86.4,48,36,0,0,0.3545,0.984
519,40.35,1.68,0.58,0.0,100.8,58,42,4,0,0.3538,1.3616
520,227.2,2.22,0.29,0.02,117.6,64,49,2,1,0.3531,1.4204
521,94.45,1.64,0.02,0.0,110.4,59,46,1,0,0.3524,1.1254
522,-441.65,0.94,0.59,1.83,100.8,56,42,4,3,0.3517,2.4455
523,-23.25,1.67,0.0,0.0,108.0,57,45,0,0,0.351,0.8906
524,-41.65,1.45,0.93,0.0,120.0,65,50,2,0,0.3503,1.2787
525,-29.45,1.23,0.28,0.0,96.0,56,40,3,0,0.3496,1.2336
526,114.55,1.26,0.0,0.42,105.6,54,44,0,1,0.3489,1.2096
527,56.6,1.04,0.0,0.0,112.8,61,47,0,0,0.3482,0.9027
528,-113.6,2.14,0.0,1.11,117.6,66,49,0,2,0.3475,1.3994
529,60.7,1.61,0.0,0.02,103.2,57,43,0,1,0.3468,1.3002
530,-121.0,1.39,0.0,0.0,96.0,53,40,0,0,0.3461,0.9128
531,-962.05,2.05,1.43,2.65,103.2,56,43,4,2,0.3454,2.4216
532,-274.35,1.84,0.0,0.35,117.6,65,49,0,1,0.3447,1.2975
533,-242.7,1.55,3.08,0.0,100.8,53,42,1,0,0.344,0.9902
534,-819.1,1.57,2.12,0.72,96.0,53,40,3,5,0.3433,2.8293
535,141.55,1.6,0.0,0.02,103.2,56,43,0,1,0.3426,1.0018
536,-211.9,1.78,2.68,0.0,117.6,64,49,1,0,0.342,1.1561
537,175.55,1.83,0.02,0.02,91.2,49,38,1,1,0.3413,1.0857
538,-79.55,1.14,0.0,0.0,105.6,54,44,0,0,0.3406,0.9057
539,58.0,1.19,0.0,0.0,115.2,61,48,0,0,0.3399,0.8308
540,-58.2,1.59,0.94,0.78,108.0,62,45,4,1,0.3392,1.6674
541,342.75,1.15,0.02,0.02,105.6,58,44,1,1,0.3386,1.147
542,90.75,1.31,0.28,0.0,105.6,58,44,1,0,0.3379,0.9923
543,-993.6,2.14,0.18,1.58,91.2,54,38,1,1,0.3372,1.7949
544,222.9,1.61,0.73,0.02,117.6,65,49,1,1,0.3365,1.3434
545,14.35,1.17,0.85,0.0,98.4,52,41,1,0,0.3358,0.9018
546,-149.15,1.29,1.46,0.0,103.2,57,43,3,0,0.3352,1.4238
547,167.85,1.04,0.02,0.0,105.6,57,44,1,0,0.3345,0.9887
548,287.3,1.12,0.02,0.0,108.0,61,45,3,0,0.3338,1.2647
549,-546.75,1.58,1.17,1.68,88.8,47,37,2,2,0.3332,1.8865
550,214.3,1.17,0.0,0.02,105.6,56,44,0,1,0.3325,1.1773
551,165.5,1.79,0.0,0.02,110.4,61,46,0,1,0.3318,1.1315
552,79.9,2.02,0.98,0.02,117.6,66,49,1,1,0.3312,1.2538
553,281.0,1.24,0.0,0.02,93.6,53,39,0,2,0.3305,1.2132
554,558.35,1.28,0.27,0.02,108.0,56,45,2,2,0.3299,1.4823
555,194.4,1.07,0.26,0.0,93.6,51,39,5,0,0.3292,1.4203
556,602.65,1.4,0.0,0.02,120.0,66,50,0,3,0.3285,1.7208
557,103.25,1.42,1.04,0.02,103.2,59,43,2,1,0.3279,1.3063
558,-1231.0,2.03,1.97,1.77,91.2,52,38,3,4,0.3272,2.7289
559,42.35,1.48,0.0,0.0,112.8,59,47,0,0,0.3266,0.9525
560,224.3,1.59,0.0,0.02,122.4,67,51,0,1,0.3259,1.3303
561,237.4,1.35,0.02,0.02,103.2,53,43,1,1,0.3253,1.2561
562,46.4,1.18,0.02,0.0,108.0,58,45,1,0,0.3246,1.0388
563,213.55,1.32,0.0,0.02,108.0,57,45,0,1,0.324,0.9427
564,291.5,2.16,1.48,0.02,117.6,67,49,1,2,0.3233,1.5161
565,72.45,1.34,0.02,0.0,103.2,53,43,1,0,0.3227,1.0469
566,-307.45,1.54,1.58,0.0,86.4,51,36,2,0,0.322,1.3251
567,25.2,1.41,0.0,0.0,112.8,61,47,0,0,0.3214,0.9458
568,125.15,1.72,0.0,0.02,117.6,64,49,0,1,0.3207,1.272
569,265.8,1.21,0.02,0.02,98.4,53,41,1,1,0.3201,1.2386
570,242.7,0.94,0.0,0.02,100.8,56,42,0,1,0.3195,1.0025
571,16.35,1.46,0.0,0.0,122.4,64,51,0,0,0.3188,1.0176
572,-55.8,1.72,0.0,0.0,112.8,65,47,0,0,0.3182,0.9819
573,100.2,2.05,0.0,0.18,98.4,54,41,0,2,0.3175,1.2514
574,89.15,1.51,0.02,0.0,98.4,53,41,2,0,0.3169,1.0157
575,55.7,1.3,0.0,0.0,115.2,62,48,0,0,0.3163,0.8271
576,-709.85,1.69,0.52,0.0,105.6,62,44,2,0,0.3156,1.4119
577,83.65,1.44,0.02,0.0,110.4,60,46,1,0,0.315,0.9726
578,289.7,0.84,0.4,0.02,103.2,56,43,1,1,0.3144,1.208
579,-365.35,1.46,1.54,0.0,110.4,61,46,3,0,0.3137,1.3842
580,98.35,1.45,0.02,0.0,115.2,65,48,1,0,0.3131,1.0464
581,211.4,1.35,0.2,0.02,93.6,55,39,1,1,0.3125,1.2025
582,-71.3,1.37,1.42,0.0,105.6,57,44,1,0,0.3119,1.1252
583,217.55,1.94,1.75,0.02,110.4,58,46,1,2,0.3112,1.5337
584,-373.35,1.99,0.0,1.72,110.4,62,46,0,1,0.3106,1.3759
585,-412.6,1.72,1.07,0.0,88.8,51,37,4,0,0.31,1.5176
586,19.5,1.15,0.02,0.0,98.4,52,41,1,0,0.3094,0.9871
587,46.85,1.57,0.02,0.0,110.4,61,46,1,0,0.3088,0.9704
588,-1711.6,2.09,2.24,2.7,103.2,60,43,2,4,0.3081,2.6351
589,3.2,1.63,0.08,0.0,96.0,50,40,1,0,0.3075,0.9213
590,283.25,1.27,0.02,0.02,100.8,55,42,1,1,0.3069,1.1333
591,-204.75,1.59,1.52,0.0,105.6,58,44,4,0,0.3063,1.4723
592,133.1,1.57,0.02,0.0,124.8,65,52,1,0,0.3057,1.031
593,284.0,1.1,0.0,0.21,100.8,56,42,0,2,0.3051,1.4805
594,-482.2,1.51,3.68,1.02,103.2,54,43,1,1,0.3045,1.3552
595,-422.05,1.78,0.0,2.65,108.0,60,45,0,1,0.3039,1.2447
596,176.75,1.51,0.02,0.0,115.2,66,48,2,0,0.3033,1.0946
597,-371.5,1.4,1.25,1.8,100.8,55,42,4,1,0.3026,1.8691
598,-1422.85,1.77,0.0,3.09,91.2,51,38,0,3,0.302,2.2532
599,11.55,1.31,0.0,0.0,105.6,60,44,0,0,0.3014,1.057
600,-3366.9,2.48,3.16,3.21,88.8,54,37,4,3,0.3008,3.2737
601,-209.2,2.15,0.0,0.67,81.6,49,34,0,1,0.3002,1.0265
602,-157.0,1.36,0.0,0.0,81.6,45,34,0,0,0.2996,0.8564
603,471.0,1.37,0.05,0.58,108.0,58,45,4,4,0.299,2.2999
604,209.95,1.64,0.0,0.02,120.0,65,50,0,1,0.2984,1.1663
605,142.9,2.33,0.0,0.02,91.2,49,38,0,2,0.2978,1.4665
606,-95.85,1.06,0.9,0.0,86.4,49,36,3,0,0.2972,1.2867
607,-400.35,1.62,0.72,0.0,100.8,56,42,4,0,0.2966,1.5616
608,69.65,1.57,0.12,0.0,112.8,64,47,2,0,0.2961,1.1245
609,318.25,1.46,0.91,0.02,96.0,52,40,2,2,0.2955,1.4782
610,9.85,1.06,0.0,0.0,108.0,56,45,0,0,0.2949,0.8981
611,355.85,1.25,0.02,0.02,115.2,62,48,1,1,0.2943,1.0955
612,-908.5,1.73,2.09,1.08,105.6,59,44,4,2,0.2937,2.2378
613,-274.6,1.18,1.73,1.13,98.4,53,41,2,1,0.2931,1.6787
614,133.75,1.28,0.02,0.0,96.0,54,40,2,0,0.2925,1.0224
615,-427.95,1.6,2.44,0.44,100.8,53,42,3,2,0.2919,2.0068
616,343.3,1.34,0.02,0.02,127.2,66,53,1,1,0.2913,1.4755
617,-52.4,1.41,0.95,0.0,98.4,54,41,1,0,0.2908,1.0506
618,274.7,1.83,0.02,0.02,98.4,52,41,3,1,0.2902,1.3039
619,63.6,1.68,0.0,0.27,105.6,61,44,0,1,0.2896,1.2151
620,-9.25,1.89,0.0,0.0,127.2,67,53,0,0,0.289,1.0433
621,-179.9,2.25,0.02,0.89,84.0,43,35,1,3,0.2884,1.5391
622,181.85,1.04,0.0,0.02,105.6,54,44,0,1,0.2879,1.1754
623,-83.4,1.5,0.0,0.0,117.6,64,49,0,0,0.2873,1.0031
624,-537.1,1.66,0.0,1.43,112.8,64,47,0,1,0.2867,1.4023
625,67.7,1.76,0.02,0.02,86.4,45,36,2,1,0.2861,1.205
626,-3.35,1.3,0.0,0.0,105.6,56,44,0,0,0.2856,0.8465
627,-144.15,1.62,1.4,0.02,108.0,59,45,4,2,0.285,1.9881
628,75.6,1.35,0.0,0.0,129.6,67,54,0,0,0.2844,0.9492
629,-103.75,1.79,0.0,0.0,100.8,54,42,0,0,0.2839,0.9501
630,188.95,1.03,0.53,0.17,86.4,46,36,2,2,0.2833,1.6322
631,115.15,0.92,0.0,0.0,115.2,62,48,0,0,0.2827,0.9034
632,-223.65,2.02,0.0,1.68,115.2,64,48,0,1,0.2822,1.3178
633,25.65,1.08,0.37,1.36,103.2,54,43,4,3,0.2816,2.2278
634,-109.9,1.14,1.12,0.0,93.6,55,39,2,0,0.281,1.1391
635,162.4,1.53,0.12,0.0,108.0,56,45,2,0,0.2805,1.0886
636,-253.2,2.05,2.11,0.18,105.6,62,44,2,1,0.2799,1.6165
637,-98.6,1.74,0.0,0.0,98.4,55,41,0,0,0.2794,0.9304
638,-1.65,1.18,0.45,0.0,81.6,48,34,1,0,0.2788,0.8863
639,-271.95,1.06,0.02,1.27,96.0,54,40,1,2,0.2782,1.5378
640,-32.95,1.52,3.02,0.48,117.6,64,49,1,2,0.2777,1.4496
641,-71.3,1.48,0.48,0.0,91.2,53,38,1,0,0.2771,0.9566
642,-1184.2,1.58,1.58,2.21,96.0,53,40,1,4,0.2766,2.5043
643,64.6,1.26,0.0,0.0,110.4,59,46,0,0,0.276,0.9737
644,-37.3,1.97,0.0,0.0,122.4,66,51,0,0,0.2755,0.9292
645,-544.7,1.77,1.18,1.55,81.6,47,34,2,2,0.2749,1.7616
646,-142.6,1.15,1.15,0.0,91.2,50,38,1,0,0.2744,0.8954
647,-210.85,1.34,0.02,2.37,105.6,60,44,1,1,0.2738,1.2495
648,-739.2,2.35,0.0,1.65,110.4,60,46,0,4,0.2733,2.2969
649,-1147.8,1.94,2.05,3.08,93.6,52,39,1,2,0.2727,2.0911
650,-47.95,1.23,0.0,0.0,105.6,56,44,0,0,0.2722,0.9765
651,420.9,1.63,0.57,0.41,108.0,60,45,4,4,0.2716,2.1676
652,113.05,1.88,0.0,0.02,115.2,64,48,0,1,0.2711,1.5308
653,-36.25,1.41,0.0,0.0,103.2,54,43,0,0,0.2705,0.9713
654,-700.45,1.44,1.97,1.08,103.2,56,43,5,1,0.27,2.2219
655,-92.95,1.39,1.35,0.0,103.2,58,43,1,0,0.2695,1.0172
656,-188.35,2.13,0.0,1.16,120.0,62,50,0,2,0.2689,1.5884
657,-42.2,1.34,0.75,0.0,98.4,51,41,3,0,0.2684,1.261
658,-48.25,1.58,0.0,0.0,110.4,58,46,0,0,0.2679,1.081
659,-54.25,1.65,1.18,0.0,112.8,62,47,2,0,0.2673,1.1598
660,-381.1,1.84,0.02,1.94,112.8,63,47,2,2,0.2668,1.9768
661,-390.6,1.58,1.65,1.09,100.8,58,42,1,2,0.2662,1.7679
662,109.75,1.06,0.64,0.0,100.8,53,42,6,0,0.2657,1.5818
663,-43.85,1.08,0.02,0.02,103.2,58,43,1,1,0.2652,1.2351
664,-9.0,1.82,0.67,0.0,115.2,61,48,1,0,0.2647,1.101
665,277.15,1.2,0.02,0.22,100.8,56,42,1,1,0.2641,1.1095
666,105.55,1.29,0.0,0.03,100.8,58,42,0,1,0.2636,1.2656
667,105.0,1.54,0.02,0.0,108.0,60,45,1,0,0.2631,1.1285
668,-290.4,1.75,1.72,0.87,108.0,63,45,2,1,0.2625,1.6025
669,-91.0,1.07,0.36,0.58,93.6,54,39,3,1,0.262,1.6043
670,162.7,1.25,0.84,0.33,108.0,54,45,3,1,0.2615,1.5029
671,-743.5,1.22,0.0,1.13,105.6,59,44,0,1,0.261,1.4887
672,-499.65,1.69,0.93,0.79,105.6,62,44,2,2,0.2604,2.0555
673,-107.7,1.43,1.55,0.0,100.8,55,42,1,0,0.2599,1.0154
674,277.8,1.5,0.02,0.0,105.6,55,44,3,0,0.2594,1.1656
675,-225.3,1.64,1.19,0.77,103.2,58,43,5,1,0.2589,1.7748
676,-112.35,2.19,0.33,1.27,112.8,63,47,2,2,0.2584,1.8599
677,-226.0,1.71,0.0,0.0,98.4,50,41,0,0,0.2579,0.8845
678,639.1,0.97,0.33,0.02,96.0,55,40,2,3,0.2573,1.5305
679,279.75,1.23,0.0,0.02,110.4,56,46,0,1,0.2568,1.1105
680,-372.0,2.0,0.0,2.5,117.6,66,49,0,1,0.2563,1.3873
681,99.15,1.43,0.75,0.02,98.4,51,41,4,1,0.2558,1.4433
682,-52.1,1.17,1.88,0.0,112.8,61,47,1,0,0.2553,1.0578
683,154.9,0.95,0.02,0.0,115.2,61,48,1,0,0.2548,0.9651
684,-291.4,2.0,1.83,0.17,98.4,57,41,3,2,0.2543,1.9163
685,-49.95,1.48,0.61,0.0,100.8,53,42,2,0,0.2538,0.9988
686,-49.05,1.05,0.0,0.0,100.8,52,42,0,0,0.2533,0.8225
687,5.2,1.42,1.54,0.02,105.6,58,44,2,1,0.2527,1.5377
688,-389.65,2.14,2.93,1.4,115.2,61,48,1,1,0.2522,1.4532
689,-91.95,1.78,0.0,0.0,100.8,53,42,0,0,0.2517,0.7967
690,150.95,1.24,0.02,0.2,96.0,52,40,1,1,0.2512,1.2139
691,52.5,1.46,0.0,0.0,122.4,63,51,0,0,0.2507,1.04
692,-34.7,1.34,1.09,0.0,115.2,63,48,3,0,0.2502,1.217
693,-276.75,1.72,1.52,1.0,93.6,51,39,3,1,0.2497,1.5636
694,-104.2,1.21,0.0,1.48,96.0,56,40,0,1,0.2492,1.1946
695,-19.5,1.64,0.6,0.0,108.0,60,45,1,0,0.2487,0.9947
696,140.9,1.69,0.33,0.02,115.2,63,48,2,1,0.2482,1.3971
697,-70.9,1.87,0.0,0.99,98.4,53,41,0,2,0.2477,1.2851
698,134.4,1.08,0.02,0.0,105.6,60,44,1,0,0.2472,1.0387
699,141.6,1.33,0.02,0.0,108.0,61,45,1,0,0.2467,0.996
700,-74.05,2.0,0.0,0.0,115.2,66,48,0,0,0.2463,0.9658
701,-59.65,1.51,1.18,0.0,98.4,56,41,1,0,0.2458,1.0084
702,13.75,1.26,0.67,1.2,108.0,56,45,2,1,0.2453,1.4708
703,9.2,1.57,0.0,0.0,110.4,56,46,0,0,0.2448,0.9303
704,-28.55,1.7,0.0,0.0,122.4,66,51,0,0,0.2443,0.9254
705,-546.35,1.4,1.45,1.53,100.8,53,42,2,3,0.2438,1.9668
706,-166.8,1.43,0.0,0.0,91.2,51,38,0,0,0.2433,0.9466
707,-15.65,1.04,0.0,0.0,115.2,58,48,0,0,0.2428,0.8682
708,-381.75,1.78,2.27,1.68,108.0,60,45,1,1,0.2423,1.3186
709,-75.15,1.68,0.0,0.0,96.0,52,40,0,0,0.2419,0.7623
710,364.5,1.19,0.0,0.02,100.8,52,42,0,2,0.2414,1.1753
711,57.9,1.75,2.3,0.02,115.2,62,48,1,1,0.2409,1.3251
712,-32.85,1.85,0.0,0.0,120.0,66,50,0,0,0.2404,0.8656
713,-19.7,1.74,0.02,0.0,93.6,49,39,2,0,0.2399,0.9128
714,113.65,1.24,0.65,0.0,98.4,55,41,6,0,0.2394,1.5541
715,-152.25,1.73,0.0,1.4,105.6,59,44,0,1,0.239,1.3239
716,22.0,1.58,0.0,0.0,120.0,65,50,0,0,0.2385,0.9082
717,413.1,1.33,0.02,0.02,112.8,58,47,3,1,0.238,1.271
718,-26.2,1.27,0.0,0.0,98.4,52,41,0,0,0.2375,1.1285
719,30.2,1.39,0.0,0.0,120.0,61,50,0,0,0.2371,0.8427
720,208.35,1.52,0.43,0.02,108.0,62,45,3,1,0.2366,1.3809
721,-57.7,1.68,0.0,0.0,105.6,57,44,0,0,0.2361,0.75
722,129.65,1.57,0.0,0.02,100.8,53,42,0,1,0.2356,1.013
723,-188.15,1.58,0.99,1.35,110.4,57,46,2,1,0.2352,1.4836
724,12.55,2.29,1.15,0.02,112.8,60,47,1,1,0.2347,1.2891
725,-111.4,1.43,0.0,0.0,96.0,53,40,0,0,0.2342,0.8381
726,24.0,1.39,0.02,0.0,96.0,55,40,1,0,0.2338,1.0823
727,19.9,1.29,0.0,0.0,110.4,59,46,0,0,0.2333,0.787
728,226.4,1.63,0.0,0.22,117.6,65,49,0,2,0.2328,1.3584
729,610.05,1.02,0.72,0.02,100.8,53,42,2,3,0.2324,1.5295
730,-76.3,1.47,0.0,0.0,108.0,56,45,0,0,0.2319,0.9149
731,12.65,1.69,0.0,0.68,98.4,54,41,0,2,0.2314,1.331
732,217.5,1.77,1.1,0.02,110.4,62,46,2,2,0.231,1.5809
733,-32.9,2.15,0.41,0.0,91.2,50,38,3,0,0.2305,1.1471
734,-190.6,1.39,1.33,0.0,98.4,53,41,1,0,0.23,1.1383
735,-607.3,1.65,1.57,1.6,96.0,56,40,6,1,0.2296,2.0064
736,11.7,1.72,0.0,0.0,127.2,67,53,0,0,0.2291,0.8976
737,106.7,1.46,0.02,0.0,96.0,54,40,2,0,0.2287,1.0209
738,-666.7,1.24,1.72,1.58,96.0,53,40,5,1,0.2282,2.0411
739,177.8,1.88,0.02,0.02,108.0,61,45,1,1,0.2278,1.3138
740,-66.2,2.05,0.8,0.0,110.4,65,46,2,0,0.2273,1.0973
741,49.7,1.84,0.67,0.88,108.0,57,45,1,3,0.2268,1.7387
742,12.95,0.93,0.02,0.0,98.4,54,41,2,0,0.2264,1.1143
743,133.4,1.37,0.02,0.0,108.0,58,45,1,0,0.2259,0.9651
744,121.95,1.59,0.02,0.02,115.2,65,48,1,1,0.2255,1.2418
745,223.3,1.99,0.02,0.02,98.4,54,41,2,1,0.225,1.3368
746,138.7,1.0,0.87,0.33,105.6,59,44,2,1,0.2246,1.223
747,-1356.95,2.51,0.79,2.93,93.6,56,39,3,3,0.2241,2.5537
748,-368.65,1.8,2.73,0.0,115.2,66,48,1,0,0.2237,1.1673
749,-119.8,2.3,0.17,0.0,76.8,45,32,2,0,0.2232,1.2284
750,-376.15,1.42,1.07,1.3,100.8,55,42,2,1,0.2228,1.6386
751,200.0,1.26,0.0,0.02,105.6,57,44,0,1,0.2223,1.0344
752,89.25,1.61,0.02,0.0,117.6,66,49,1,0,0.2219,0.9756
753,-302.15,1.35,1.24,0.02,91.2,51,38,2,1,0.2215,1.3516
754,-55.1,1.45,0.97,0.0,98.4,52,41,1,0,0.221,1.0812
755,0.45,1.59,0.0,0.77,105.6,60,44,0,1,0.2206,1.1218
756,170.95,1.56,1.34,0.02,112.8,65,47,4,2,0.2201,1.7139
757,302.85,1.21,0.02,0.02,103.2,52,43,1,1,0.2197,1.0625
758,-223.3,1.56,0.0,1.05,86.4,50,36,0,1,0.2193,1.0758
759,320.15,1.53,0.02,0.02,112.8,60,47,1,1,0.2188,1.1496
760,117.1,1.7,0.02,0.93,112.8,62,47,1,3,0.2184,1.8319
761,132.05,2.02,0.47,0.72,103.2,56,43,2,2,0.2179,1.571
762,519.0,0.97,0.2,0.02,100.8,54,42,2,3,0.2175,1.6284
763,10.55,1.47,0.0,0.0,108.0,57,45,0,0,0.2171,1.0531
764,-211.95,2.1,1.58,1.53,120.0,64,50,1,1,0.2166,1.5873
765,248.0,1.21,0.08,0.83,100.8,55,42,1,4,0.2162,2.0723
766,-236.05,0.66,1.3,0.0,100.8,54,42,5,0,0.2158,1.6975
767,-36.05,1.13,1.22,0.0,103.2,61,43,1,0,0.2153,1.1223
768,491.15,1.85,0.28,0.02,112.8,60,47,3,2,0.2149,1.8046
769,101.9,1.77,0.0,0.02,103.2,54,43,0,1,0.2145,1.0602
770,-2.6,1.22,0.0,0.0,108.0,55,45,0,0,0.2141,1.1485
771,246.95,1.14,0.02,0.02,108.0,61,45,1,1,0.2136,1.2312
772,26.8,1.76,0.57,0.0,120.0,67,50,1,0,0.2132,1.0121
773,148.45,1.28,0.0,0.02,103.2,52,43,0,1,0.2128,1.0714
774,-44.55,1.82,0.74,0.91,93.6,52,39,2,2,0.2123,1.5312
775,-89.8,1.73,1.22,0.0,105.6,57,44,3,0,0.2119,1.2282
776,45.15,1.53,0.0,0.23,117.6,65,49,0,1,0.2115,1.0581
777,-498.05,1.3,0.77,0.63,96.0,53,40,2,1,0.2111,1.5188
778,-207.4,1.04,0.0,0.0,96.0,54,40,0,0,0.2106,0.9334
779,194.5,1.29,0.0,0.02,110.4,59,46,0,1,0.2102,1.014
780,-845.05,2.35,1.95,2.48,108.0,61,45,4,1,0.2098,1.8609
781,-101.9,1.4,0.62,0.0,86.4,48,36,1,0,0.2094,0.8277
782,-56.85,1.26,0.0,0.0,105.6,55,44,0,0,0.209,0.9163
783,-122.1,2.02,1.22,0.71,105.6,58,44,2,2,0.2086,1.7589
784,281.0,1.67,0.02,0.02,117.6,67,49,1,1,0.2081,1.386
785,-119.55,1.83,0.0,0.0,93.6,52,39,0,0,0.2077,0.9664
786,350.15,1.4,0.02,0.4,98.4,55,41,1,3,0.2073,1.6178
787,207.0,1.31,0.0,0.02,105.6,59,44,0,1,0.2069,1.0345
788,-102.15,1.83,0.0,0.0,110.4,64,46,0,0,0.2065,0.8941
789,-549.6,1.53,0.02,2.29,96.0,52,40,1,2,0.2061,1.7958
790,-189.05,1.57,0.0,1.2,100.8,57,42,0,2,0.2056,1.639
791,-209.45,1.41,2.15,0.0,98.4,57,41,1,0,0.2052,1.0608
792,335.15,1.69,0.0,0.63,120.0,66,50,0,5,0.2048,2.0215
793,-2.45,1.17,0.0,0.0,100.8,54,42,0,0,0.2044,1.0587
794,5.95,1.23,0.02,0.0,98.4,55,41,1,0,0.204,1.076
795,-659.55,1.16,0.7,1.13,110.4,62,46,4,3,0.2036,2.3468
796,-1799.4,2.95,0.0,3.66,96.0,57,40,0,3,0.2032,2.1513
797,-52.8,1.58,0.0,0.0,100.8,58,42,0,0,0.2028,0.9489
798,839.55,0.94,0.11,0.02,105.6,59,44,3,3,0.2024,1.6901
799,74.85,1.42,0.02,0.0,110.4,58,46,1,0,0.202,0.9224
800,-305.1,1.92,0.0,0.0,120.0,66,50,0,0,0.2016,1.1299
801,-180.35,1.83,1.18,0.4,93.6,49,39,3,2,0.2012,1.9218
802,-87.05,1.25,0.0,0.0,100.8,53,42,0,0,0.2008,0.8024
803,63.35,1.11,0.0,0.0,115.2,61,48,0,0,0.2004,0.8109
804,-169.9,2.49,0.52,1.08,108.0,61,45,3,5,0.2,2.3538
805,35.85,1.16,0.88,0.0,108.0,56,45,2,0,0.1996,1.1001
806,-150.5,1.45,0.0,0.0,96.0,52,40,0,0,0.1992,0.9098
807,-687.1,1.7,0.14,1.77,103.2,57,43,2,4,0.1988,2.4158
808,-219.6,2.02,0.02,1.93,117.6,64,49,1,1,0.1984,1.3389
809,52.45,1.85,0.0,0.02,93.6,50,39,0,1,0.198,0.9334
810,443.3,1.26,0.46,0.02,98.4,54,41,2,2,0.1976,1.7661
811,49.15,1.55,0.82,0.78,105.6,57,44,2,2,0.1972,1.7751
812,257.85,1.75,0.02,0.02,117.6,64,49,1,1,0.1968,1.3645
813,-161.45,1.7,0.98,1.17,100.8,53,42,4,1,0.1964,1.6852
814,-272.6,1.4,0.0,2.32,112.8,58,47,0,1,0.196,1.3374
815,69.95,1.44,0.02,0.0,105.6,57,44,1,0,0.1956,1.0129
816,344.75,1.55,0.02,0.02,115.2,65,48,2,1,0.1952,1.2704
817,58.1,1.16,0.82,0.53,96.0,54,40,1,2,0.1948,1.5297
818,-64.3,1.41,0.0,0.02,96.0,52,40,0,1,0.1944,1.2148
819,-195.6,1.29,2.58,0.02,100.8,55,42,3,2,0.194,1.8441
820,161.45,1.65,0.0,0.02,117.6,66,49,0,1,0.1937,1.1305
821,-20.6,1.32,1.03,0.0,108.0,56,45,1,0,0.1933,0.8534
822,-37.15,1.25,1.54,0.0,115.2,56,48,2,0,0.1929,1.2032
823,75.45,1.2,0.0,0.52,105.6,61,44,0,1,0.1925,1.1198
824,-73.05,1.68,0.67,1.23,120.0,68,50,1,1,0.1921,1.2354
825,-150.3,1.88,0.0,0.87,105.6,54,44,0,3,0.1917,1.6648
826,67.6,1.34,0.0,0.02,88.8,52,37,0,1,0.1913,1.2266
827,234.7,1.23,0.0,0.02,103.2,57,43,0,1,0.191,1.2913
828,-550.4,1.75,1.29,0.0,110.4,64,46,5,0,0.1906,1.7763
829,47.3,1.87,0.27,0.0,91.2,50,38,3,0,0.1902,1.0022
830,54.7,1.9,0.0,0.02,93.6,50,39,0,1,0.1898,1.0919
831,232.35,1.1,0.71,0.63,103.2,56,43,6,1,0.1894,1.6871
832,142.55,1.86,0.0,0.02,117.6,65,49,0,1,0.1891,1.1799
833,-118.8,1.35,0.0,1.47,105.6,57,44,0,1,0.1887,1.1314
834,97.65,1.09,0.32,0.0,91.2,52,38,2,0,0.1883,1.2219
835,-559.7,1.37,1.53,0.0,100.8,55,42,2,0,0.1879,1.5157
836,132.15,2.12,0.02,0.15,110.4,64,46,1,1,0.1876,1.3481
837,222.15,1.74,0.0,0.02,96.0,54,40,0,2,0.1872,1.4054
838,-113.8,1.43,0.0,0.0,100.8,53,42,0,0,0.1868,0.88
839,132.35,1.21,0.02,0.0,110.4,60,46,1,0,0.1864,0.9929
840,-1022.7,1.78,1.99,0.0,105.6,60,44,4,0,0.1861,1.8335
841,-41.45,1.47,0.72,0.0,93.6,50,39,1,0,0.1857,1.0206
842,-33.05,1.41,0.0,0.0,108.0,55,45,0,0,0.1853,0.8159
843,100.2,0.89,0.78,0.68,105.6,58,44,2,2,0.1849,1.5483
844,92.55,1.47,0.0,0.3,112.8,63,47,0,1,0.1846,1.2093
845,-43.05,1.4,0.02,1.35,100.8,54,42,1,1,0.1842,1.3385
846,283.8,1.34,1.13,0.12,100.8,57,42,7,3,0.1838,2.2406
847,66.05,1.02,0.0,0.0,110.4,61,46,0,0,0.1835,0.8962
848,-48.65,1.88,0.0,0.0,122.4,64,51,0,0,0.1831,0.9095
849,78.35,1.48,0.45,0.0,100.8,56,42,2,0,0.1827,1.0621
850,72.85,0.96,0.02,0.0,103.2,56,43,1,0,0.1824,0.9552
851,-261.0,1.93,0.0,1.03,98.4,53,41,0,3,0.182,2.0327
852,-393.9,1.95,2.35,0.3,105.6,61,44,2,1,0.1816,1.6476
853,-48.35,1.52,0.43,0.0,100.8,53,42,1,0,0.1813,0.9684
854,-373.6,1.9,2.44,0.18,103.2,56,43,3,1,0.1809,1.5168
855,-1178.5,2.04,1.38,3.05,100.8,56,42,4,2,0.1806,2.3983
856,20.4,1.88,0.02,0.0,112.8,64,47,1,0,0.1802,1.1451
857,45.75,1.83,0.0,0.02,93.6,50,39,0,1,0.1798,0.9951
858,94.6,1.64,0.02,0.92,86.4,45,36,2,1,0.1795,1.2713
859,56.6,1.32,0.0,0.0,117.6,62,49,0,0,0.1791,0.8226
860,46.65,2.07,1.32,0.02,115.2,62,48,1,1,0.1788,1.2014
861,765.15,1.21,0.16,0.02,112.8,58,47,3,3,0.1784,1.6152
862,79.2,1.07,0.02,0.0,98.4,51,41,1,0,0.178,1.0509
863,96.75,1.1,0.0,0.0,110.4,59,46,0,0,0.1777,0.8791
864,183.5,1.89,0.22,0.0,110.4,62,46,4,0,0.1773,1.3355
865,34.8,1.44,0.02,0.0,100.8,53,42,1,0,0.177,0.9261
866,-80.9,1.51,0.02,0.0,84.0,47,35,1,0,0.1766,0.9662
867,120.85,1.03,0.02,0.0,108.0,61,45,3,0,0.1763,1.1376
868,-32.2,1.68,0.0,0.0,122.4,66,51,0,0,0.1759,0.8803
869,-99.6,2.01,0.02,0.0,86.4,52,36,1,0,0.1756,0.7926
870,-337.7,1.6,1.63,0.66,96.0,53,40,5,2,0.1752,2.0739
871,-20.35,1.69,0.0,0.0,110.4,58,46,0,0,0.1749,0.7723
872,-36.85,1.8,0.0,0.0,117.6,65,49,0,0,0.1745,0.8263
873,-581.2,1.32,1.24,1.37,100.8,54,42,4,1,0.1742,1.8283
874,68.5,1.4,0.42,0.0,103.2,53,43,2,0,0.1738,1.0218
875,140.4,1.19,0.02,0.0,110.4,60,46,1,0,0.1735,0.9047
876,8.65,1.82,0.0,0.78,117.6,68,49,0,2,0.1731,1.3285
877,-67.05,1.52,0.0,0.0,103.2,56,43,0,0,0.1728,0.832
878,-278.15,1.79,2.08,0.0,103.2,56,43,2,0,0.1724,1.1126
879,30.15,1.6,0.89,0.0,112.8,60,47,3,0,0.1721,1.2356
880,157.65,2.04,1.22,0.28,115.2,63,48,1,2,0.1717,1.5622
881,-54.85,1.46,0.0,0.0,98.4,53,41,0,0,0.1714,0.8381
882,-27.1,1.39,0.94,0.0,110.4,60,46,3,0,0.1711,1.2556
883,-146.7,1.22,0.51,0.02,105.6,60,44,2,1,0.1707,1.4474
884,90.15,1.37,0.02,0.0,117.6,67,49,1,0,0.1704,0.9532
885,-290.95,1.66,2.19,0.02,96.0,53,40,3,1,0.17,1.4251
886,292.1,1.12,1.54,0.02,112.8,59,47,2,2,0.1697,1.5908
887,278.35,1.29,0.02,0.02,115.2,62,48,1,1,0.1694,1.425
888,344.0,1.46,0.02,0.02,122.4,66,51,2,1,0.169,1.421
889,-397.85,1.34,2.48,1.02,93.6,52,39,2,1,0.1687,1.5296
890,-95.25,1.4,0.0,0.0,100.8,53,42,0,0,0.1683,0.7887
891,-60.8,1.68,0.79,0.52,115.2,61,48,3,1,0.168,1.5287
892,-32.45,1.94,0.02,1.15,117.6,64,49,1,1,0.1677,1.2609
893,-13.95,1.74,0.02,0.0,86.4,48,36,2,0,0.1673,0.9406
894,-91.4,1.52,1.31,0.65,98.4,53,41,6,3,0.167,2.1634
895,-341.6,1.43,0.0,2.48,100.8,57,42,0,1,0.1667,1.2422
896,169.85,1.35,0.06,0.0,117.6,67,49,2,0,0.1663,1.1514
897,-609.35,1.76,1.58,2.75,96.0,56,40,2,1,0.166,1.576
898,-89.1,1.59,0.0,1.28,100.8,54,42,0,1,0.1657,1.1483
899,-158.65,1.48,1.51,0.0,103.2,58,43,2,0,0.1653,1.1046
900,-45.35,1.94,0.63,0.02,115.2,63,48,3,1,0.165,1.4998
901,-167.75,1.87,0.0,0.0,98.4,53,41,0,0,0.1647,0.9098
902,-5.75,1.2,0.0,0.0,110.4,55,46,0,0,0.1643,0.8447
903,11.3,1.81,1.24,0.51,105.6,60,44,3,2,0.164,1.6604
904,81.4,1.6,0.13,0.0,115.2,65,48,1,0,0.1637,0.9861
905,-93.5,1.89,0.0,0.0,100.8,54,42,0,0,0.1634,0.8319
906,193.45,1.48,0.02,0.0,100.8,54,42,3,0,0.163,1.232
907,-397.4,1.45,0.02,1.9,103.2,60,43,1,2,0.1627,1.5533
908,7.1,1.69,0.0,0.0,127.2,66,53,0,0,0.1624,0.9304
909,4.7,0.69,0.02,1.29,100.8,55,42,2,2,0.1621,1.6778
910,-100.95,1.25,1.65,0.0,98.4,55,41,1,0,0.1617,1.0144
911,196.2,1.45,0.0,0.02,115.2,62,48,0,1,0.1614,0.9766
912,271.2,1.57,0.13,0.0,127.2,65,53,3,0,0.1611,1.1276
913,-116.7,1.55,0.0,1.72,108.0,54,45,0,1,0.1608,1.0778
914,189.1,1.16,0.42,0.4,112.8,58,47,1,1,0.1604,1.2399
915,-976.25,2.08,1.46,1.99,98.4,58,41,5,3,0.1601,2.5246
916,-161.7,1.71,2.3,0.0,112.8,64,47,1,0,0.1598,1.2279
917,-60.5,1.54,0.0,0.0,96.0,51,40,0,0,0.1595,0.842
918,687.35,1.78,0.28,0.02,98.4,51,41,3,4,0.1592,1.9967
919,52.75,1.12,0.0,0.0,108.0,60,45,0,0,0.1588,0.8622
920,7.45,1.67,0.0,0.0,124.8,66,52,0,0,0.1585,0.8491
921,-273.05,1.39,1.43,1.37,110.4,60,46,3,1,0.1582,1.6955
922,-65.2,1.24,0.0,0.0,103.2,55,43,0,0,0.1579,0.9471
923,-194.75,1.54,2.12,0.0,103.2,57,43,1,0,0.1576,1.0088
924,-287.75,1.98,1.55,1.43,115.2,63,48,2,1,0.1573,1.4568
925,-20.5,2.04,0.2,0.0,98.4,52,41,2,0,0.1569,0.9435
926,-2.05,1.17,0.0,0.0,100.8,53,42,0,0,0.1566,0.8136
927,547.75,1.86,0.03,0.02,96.0,55,40,3,2,0.1563,1.5155
928,-69.9,2.13,0.0,0.0,117.6,63,49,0,0,0.156,0.8758
929,74.95,1.96,0.0,0.02,100.8,58,42,0,1,0.1557,0.9443
930,-591.3,1.88,1.4,0.02,96.0,52,40,2,1,0.1554,1.6532
931,-79.0,1.38,0.0,1.22,110.4,61,46,0,1,0.1551,1.1932
932,18.95,1.58,0.0,0.0,120.0,65,50,0,0,0.1548,0.844
933,-493.6,2.29,0.13,1.72,74.4,47,31,2,2,0.1545,1.7513
934,-2.2,1.02,0.02,0.0,110.4,59,46,1,0,0.1541,0.9535
935,-29.85,1.69,1.13,0.0,108.0,60,45,1,0,0.1538,0.9687
936,-114.95,1.73,1.0,0.0,110.4,60,46,5,0,0.1535,1.4371
937,178.8,1.37,0.0,0.02,100.8,56,42,0,1,0.1532,0.955
938,-583.5,1.46,2.81,1.08,96.0,53,40,2,1,0.1529,1.8309
939,358.0,1.61,0.02,0.02,108.0,57,45,2,1,0.1526,1.2476
940,-53.5,1.61,0.0,0.0,110.4,64,46,0,0,0.1523,0.9747
941,-26.1,1.37,0.0,0.72,93.6,55,39,0,1,0.152,1.1214
942,-1120.2,1.57,3.03,1.94,93.6,54,39,2,3,0.1517,2.3145
943,3.5,1.29,0.0,0.0,105.6,55,44,0,0,0.1514,0.8167
944,-218.05,1.81,0.0,1.33,110.4,63,46,0,1,0.1511,1.1454
945,-108.0,1.38,0.0,0.83,100.8,52,42,0,1,0.1508,1.0109
946,-34.2,1.61,0.0,0.0,112.8,58,47,0,0,0.1505,0.755
947,-1.8,1.36,1.32,0.0,115.2,62,48,1,0,0.1502,1.0638
948,416.85,1.36,0.02,0.02,120.0,67,50,3,1,0.1499,1.2722
949,-94.2,1.72,0.0,0.0,96.0,50,40,0,0,0.1496,0.7684
950,409.75,1.3,0.02,0.02,110.4,59,46,2,1,0.1493,1.1422
951,-694.05,1.85,1.13,2.26,91.2,52,38,2,2,0.149,1.8194
952,64.1,2.28,0.0,0.02,115.2,65,48,0,1,0.1487,1.1169
953,-67.0,1.35,1.38,0.0,105.6,60,44,1,0,0.1484,1.0013
954,-121.5,1.47,1.27,0.0,108.0,55,45,3,0,0.1481,1.2512
955,84.85,1.13,0.0,0.0,110.4,58,46,0,0,0.1478,0.8785
956,159.75,1.85,0.02,0.0,120.0,63,50,3,0,0.1475,1.2254
957,203.2,1.69,0.24,0.81,108.0,57,45,2,3,0.1472,1.6037
958,-69.95,1.45,0.0,0.0,103.2,56,43,0,0,0.1469,0.8336
959,-429.8,1.03,0.0,1.34,103.2,58,43,0,3,0.1466,1.7634
960,390.15,1.69,0.02,0.29,120.0,67,50,1,3,0.1463,1.7613
961,-12.35,1.32,0.32,0.0,91.2,48,38,2,0,0.146,1.0808
962,-548.15,1.98,0.0,2.37,86.4,49,36,0,1,0.1457,1.2191
963,-408.4,1.45,0.22,2.29,96.0,54,40,3,2,0.1454,1.8262
964,251.5,1.78,0.02,0.02,120.0,66,50,1,1,0.1452,1.349
965,-15.5,1.57,0.0,0.0,103.2,56,43,0,0,0.1449,0.8741
966,145.3,1.49,0.02,0.0,98.4,52,41,2,0,0.1446,1.0412
967,350.55,1.32,0.02,0.02,105.6,61,44,2,1,0.1443,1.3726
968,117.1,1.41,0.02,0.82,112.8,63,47,1,1,0.144,1.5095
969,-279.05,1.42,3.02,1.17,105.6,56,44,1,1,0.1437,1.3827
970,151.6,0.98,0.1,0.62,98.4,55,41,1,1,0.1434,1.0814
971,57.1,1.07,0.0,0.0,122.4,64,51,0,0,0.1431,1.0596
972,290.25,1.26,0.02,0.02,112.8,63,47,1,1,0.1429,1.2175
973,95.9,2.2,0.02,0.02,84.0,45,35,2,1,0.1426,1.1521
974,-166.15,1.58,0.0,0.0,93.6,51,39,0,0,0.1423,0.7956
975,45.85,1.23,1.27,0.02,108.0,59,45,3,1,0.142,1.5213
976,-259.35,2.43,1.37,0.02,103.2,61,43,2,1,0.1417,1.3378
977,-70.75,1.47,0.0,0.0,96.0,53,40,0,0,0.1414,0.8799
978,-620.15,1.81,1.72,1.45,88.8,54,37,1,1,0.1411,1.3957
979,118.8,0.92,0.02,0.0,108.0,61,45,1,0,0.1409,1.0251
980,-778.7,2.1,6.57,1.21,108.0,59,45,1,2,0.1406,1.7849
981,-85.0,1.45,0.8,0.0,96.0,51,40,4,0,0.1403,1.1929
982,-66.95,1.06,1.13,0.0,96.0,52,40,1,0,0.14,0.9976
983,518.9,1.2,0.0,0.03,110.4,57,46,0,3,0.1397,1.5384
984,126.65,1.93,0.02,0.0,117.6,64,49,2,0,0.1395,1.1877
985,-84.7,1.59,0.0,0.0,96.0,50,40,0,0,0.1392,0.7222
986,-78.35,1.72,3.05,0.02,105.6,59,44,1,1,0.1389,1.2137
987,-63.2,1.54,1.34,0.0,108.0,61,45,2,0,0.1386,1.1752
988,291.1,1.58,1.38,0.16,115.2,66,48,1,2,0.1383,1.3861
989,-34.7,1.15,0.58,0.92,91.2,50,38,1,1,0.1381,1.2405
990,533.9,1.19,0.15,0.02,103.2,57,43,2,2,0.1378,1.452
991,207.3,1.51,0.0,0.02,105.6,56,44,0,1,0.1375,1.0838
992,-152.7,1.65,1.75,0.0,105.6,61,44,1,0,0.1372,1.0338
993,416.6,0.92,0.19,0.02,96.0,54,40,3,1,0.137,1.286
994,-1042.3,1.72,0.0,3.24,108.0,54,45,0,2,0.1367,1.7977
995,212.7,1.32,0.14,0.0,110.4,62,46,2,0,0.1364,1.234
996,-199.05,1.85,0.78,1.37,112.8,62,47,1,1,0.1362,1.4313
997,-123.1,1.63,0.0,0.0,91.2,49,38,0,0,0.1359,0.6803
998,33.7,1.57,0.0,0.12,103.2,53,43,0,1,0.1356,1.1692
999,73.0,0.98,0.55,0.86,98.4,56,41,1,2,0.1353,1.4583
1000,-83.95,1.99,0.75,0.0,112.8,62,47,2,0,0.1351,1.1482
1001,-136.05,1.39,1.07,0.33,93.6,52,39,1,1,0.1348,1.176
1002,83.3,1.94,0.45,0.0,100.8,54,42,4,0,0.1345,1.3384
1003,117.4,1.32,0.02,0.0,100.8,57,42,1,0,0.1343,0.849
1004,153.45,1.84,0.0,0.02,117.6,66,49,0,1,0.134,1.191
1005,-84.5,1.34,1.06,0.0,98.4,56,41,3,0,0.1337,1.2747
1006,-105.8,1.42,0.0,0.0,98.4,50,41,0,0,0.1335,0.9076
1007,-9.25,1.73,0.0,0.0,105.6,56,44,0,0,0.1332,0.7942
1008,434.85,1.76,0.61,0.02,117.6,66,49,2,3,0.1329,1.6229
1009,70.15,1.18,0.0,0.02,103.2,54,43,0,1,0.1327,1.0623
1010,-79.5,1.02,0.0,0.0,103.2,55,43,0,0,0.1324,0.7999
1011,-43.25,1.51,1.18,0.0,108.0,61,45,1,0,0.1321,0.9225
1012,-315.0,1.81,0.0,1.38,122.4,69,51,0,1,0.1319,1.302
1013,-172.4,2.02,0.0,0.0,91.2,50,38,0,0,0.1316,0.8053
1014,166.6,1.12,0.42,0.67,108.0,60,45,1,2,0.1313,1.3794
1015,14.15,1.91,0.02,0.0,108.0,60,45,1,0,0.1311,0.9815
1016,432.7,1.4,0.15,0.11,117.6,65,49,1,2,0.1308,1.39
1017,82.4,1.47,0.02,0.02,86.4,49,36,1,1,0.1305,1.0699
1018,-92.05,1.26,0.02,0.0,84.0,49,35,1,0,0.1303,0.7934
1019,-67.95,1.62,2.37,0.02,108.0,61,45,3,2,0.13,1.5791
1020,-91.85,1.44,1.45,0.0,117.6,65,49,1,0,0.1298,0.9915
1021,83.4,1.25,0.02,0.0,100.8,53,42,1,0,0.1295,0.9354
1022,352.8,1.62,0.0,0.02,108.0,56,45,0,2,0.1292,1.2011
1023,64.65,1.29,0.47,0.43,105.6,60,44,2,2,0.129,1.5793
1024,359.6,1.91,0.02,0.5,115.2,63,48,4,1,0.1287,1.5594
1025,-17.55,1.79,0.0,0.0,115.2,58,48,0,0,0.1285,0.9895
1026,-172.25,1.89,0.02,1.8,98.4,53,41,1,1,0.1282,1.3295
1027,123.55,1.3,0.02,0.0,108.0,58,45,1,0,0.128,1.082
1028,23.95,1.64,0.73,0.0,117.6,63,49,2,0,0.1277,1.0401
1029,-535.15,1.57,1.05,3.05,93.6,51,39,1,1,0.1274,1.3815
1030,-98.25,1.53,0.0,0.0,103.2,53,43,0,0,0.1272,0.8063
1031,-7.45,1.23,0.02,0.0,98.4,55,41,1,0,0.1269,0.8382
1032,77.85,1.62,0.02,0.93,100.8,58,42,3,5,0.1267,2.3884
1033,-101.95,1.55,0.0,0.0,93.6,52,39,0,0,0.1264,0.941
1034,35.05,0.77,0.0,1.08,93.6,52,39,0,1,0.1262,0.9977
1035,-291.55,1.74,1.08,2.17,110.4,57,46,4,1,0.1259,1.8467
1036,410.55,1.48,0.0,0.02,122.4,69,51,0,2,0.1257,1.363
1037,-38.5,1.66,0.0,0.0,105.6,53,44,0,0,0.1254,0.7679
1038,-1147.5,2.08,0.0,1.73,98.4,57,41,0,2,0.1252,1.8448
1039,87.25,1.41,0.02,0.0,110.4,60,46,1,0,0.1249,0.9812
1040,30.15,1.62,0.0,0.0,127.2,66,53,0,0,0.1247,0.9401
1041,-58.2,1.11,1.15,0.0,105.6,53,44,3,0,0.1244,1.1571
1042,37.95,1.48,0.02,0.0,103.2,54,43,1,0,0.1242,0.9233
1043,92.25,0.91,0.0,0.0,108.0,59,45,0,0,0.1239,0.8867
1044,-329.05,2.33,0.02,1.34,105.6,61,44,3,2,0.1237,1.8235
1045,-179.55,1.31,2.88,0.0,100.8,59,42,1,0,0.1234,1.0532
1046,220.15,1.36,0.02,0.02,98.4,53,41,1,1,0.1232,0.996
1047,72.1,1.44,0.57,0.0,103.2,57,43,4,0,0.1229,1.4064
1048,-350.5,2.13,0.02,1.83,115.2,66,48,1,1,0.1227,1.4315
1049,218.25,1.31,0.02,0.02,98.4,54,41,1,1,0.1224,1.0556
1050,25.7,1.05,0.02,0.33,96.0,53,40,1,1,0.1222,1.2728
1051,-192.05,1.62,0.0,1.07,110.4,59,46,0,1,0.122,1.1861
1052,97.0,1.79,0.02,0.0,124.8,67,52,1,0,0.1217,1.0312
1053,121.0,0.91,0.52,0.0,100.8,56,42,2,0,0.1215,0.9249
1054,15.9,1.34,0.0,0.0,105.6,55,44,0,0,0.1212,0.8975
1055,-20.75,1.23,1.58,0.0,108.0,60,45,1,0,0.121,1.026
1056,248.2,2.0,0.4,0.02,115.2,64,48,2,1,0.1207,1.3455
1057,133.95,1.23,0.0,0.48,103.2,55,43,0,1,0.1205,1.0857
1058,-29.05,1.34,0.02,0.0,91.2,52,38,1,0,0.1203,0.822
1059,280.6,1.23,1.26,0.02,105.6,61,44,2,2,0.12,1.3957
1060,-358.0,1.82,0.0,2.48,120.0,65,50,0,1,0.1198,1.344
1061,22.95,1.76,0.02,0.0,93.6,51,39,2,0,0.1195,0.9531
1062,-25.1,1.6,0.88,0.55,108.0,56,45,3,1,0.1193,1.5174
1063,1.0,1.48,0.0,0.0,117.6,63,49,0,0,0.1191,0.9315
1064,-164.45,1.93,0.0,0.0,115.2,65,48,0,0,0.1188,0.9042
1065,-182.75,1.47,1.49,1.33,115.2,62,48,2,1,0.1186,1.3897
1066,-47.85,1.59,0.0,0.92,100.8,55,42,0,1,0.1183,1.3375
1067,-11.65,1.43,0.0,0.0,98.4,55,41,0,0,0.1181,0.862
1068,238.05,1.79,0.02,0.83,122.4,67,51,2,2,0.1179,1.4639
1069,-394.15,2.27,0.0,1.6,84.0,48,35,0,1,0.1176,1.2867
1070,-93.45,1.47,0.0,0.0,108.0,56,45,0,0,0.1174,0.8412
1071,-201.85,1.51,2.87,0.02,108.0,62,45,1,1,0.1172,1.2559
1072,232.95,1.63,0.0,0.02,124.8,67,52,0,1,0.1169,0.9715
1073,-428.55,1.36,0.0,0.0,91.2,49,38,0,0,0.1167,0.8881
1074,212.95,0.97,0.0,0.39,96.0,52,40,0,2,0.1165,1.2071
1075,146.15,1.1,0.02,0.0,115.2,58,48,1,0,0.1162,0.89
1076,239.65,2.13,0.02,0.02,117.6,63,49,2,1,0.116,1.3321
1077,-815.05,1.64,0.46,2.21,91.2,51,38,3,3,0.1158,2.1713
1078,-57.25,1.32,0.0,1.1,93.6,51,39,0,1,0.1155,1.0855
1079,-39.75,1.45,1.12,0.0,110.4,60,46,2,0,0.1153,1.1837
1080,144.2,1.73,0.47,0.02,110.4,62,46,2,1,0.1151,1.3328
1081,589.5,1.49,0.0,0.02,105.6,56,44,0,3,0.1148,1.5026
1082,-209.45,1.42,0.0,0.0,84.0,49,35,0,0,0.1146,0.9747
1083,160.3,1.47,0.02,0.0,112.8,61,47,2,0,0.1144,1.0756
1084,-77.85,1.69,1.5,0.0,117.6,66,49,1,0,0.1142,0.9872
1085,131.3,1.32,0.02,0.0,91.2,52,38,2,0,0.1139,0.9061
1086,59.5,1.47,0.02,0.02,100.8,54,42,1,1,0.1137,1.1905
1087,481.1,1.48,0.02,0.02,117.6,63,49,1,2,0.1135,1.1961
1088,89.7,1.45,0.02,0.0,115.2,66,48,1,0,0.1132,1.0514
1089,-240.5,1.28,1.33,1.5,103.2,52,43,2,1,0.113,1.4102
1090,27.5,1.69,0.0,0.22,98.4,52,41,0,1,0.1128,1.1311
1091,-126.65,1.75,1.37,0.0,103.2,55,43,1,0,0.1126,1.0173
1092,-18.7,1.75,0.02,0.0,115.2,64,48,1,0,0.1123,0.8901
1093,-1.5,1.59,0.02,0.0,93.6,51,39,1,0,0.1121,0.9148
1094,-255.55,1.45,0.0,0.02,84.0,48,35,0,1,0.1119,1.157
1095,-167.8,1.75,2.64,0.23,103.2,57,43,3,3,0.1117,1.8049
1096,22.2,1.81,0.02,0.0,110.4,62,46,1,0,0.1114,0.9741
1097,-76.35,1.31,0.69,0.0,93.6,51,39,2,0,0.1112,1.0705
1098,-603.05,1.89,1.42,0.76,93.6,55,39,1,3,0.111,1.8094
1099,-198.95,1.27,2.7,0.0,105.6,61,44,1,0,0.1108,1.0458
1100,-55.5,2.04,0.0,0.0,120.0,65,50,0,0,0.1106,1.086
1101,152.45,1.86,0.65,0.19,98.4,53,41,2,2,0.1103,1.5733
1102,79.5,1.74,0.38,0.0,103.2,53,43,2,0,0.1101,1.0427
1103,198.35,1.9,0.55,0.23,105.6,59,44,2,1,0.1099,1.122
1104,34.1,1.98,1.18,0.02,110.4,64,46,4,1,0.1097,1.5737
1105,78.05,1.16,0.02,0.56,88.8,52,37,1,2,0.1095,1.3314
1106,-74.2,1.43,0.41,0.0,93.6,51,39,2,0,0.1092,1.0598
1107,43.25,1.7,0.72,0.02,96.0,53,40,2,1,0.109,1.3356
1108,-13.8,1.75,0.0,0.0,122.4,66,51,0,0,0.1088,0.9424
1109,-83.9,1.61,0.0,0.0,100.8,52,42,0,0,0.1086,0.8215
1110,123.45,1.14,1.53,0.02,103.2,56,43,1,1,0.1084,1.1109
1111,52.8,1.03,0.0,0.0,110.4,62,46,0,0,0.1082,0.7467
1112,-323.0,1.63,1.87,0.0,115.2,63,48,3,0,0.1079,1.3072
1113,-870.75,1.3,1.1,0.0,96.0,52,40,1,0,0.1077,1.2574
1114,20.2,1.26,0.02,0.0,103.2,57,43,1,0,0.1075,0.9076
1115,-22.0,1.54,0.0,0.0,110.4,59,46,0,0,0.1073,0.7518
1116,-1538.75,2.12,1.95,1.5,112.8,63,47,5,1,0.1071,2.4767
1117,-287.9,1.01,1.34,0.0,91.2,47,38,3,0,0.1069,1.0573
1118,286.6,1.1,0.02,0.42,103.2,57,43,1,2,0.1066,1.423
1119,46.1,1.19,0.02,1.18,108.0,59,45,2,2,0.1064,1.4735
1120,241.35,2.05,0.0,0.23,122.4,65,51,0,2,0.1062,1.2667
1121,205.9,1.14,0.0,0.02,100.8,55,42,0,1,0.106,0.9902
1122,261.8,1.76,0.0,0.02,96.0,55,40,0,2,0.1058,1.3302
1123,19.05,1.29,0.0,0.0,108.0,62,45,0,0,0.1056,0.7558
1124,62.1,2.01,0.35,0.8,120.0,66,50,1,2,0.1054,1.4898
1125,-840.95,1.77,2.79,1.11,88.8,49,37,3,3,0.1052,2.1239
1126,129.9,0.84,0.02,0.0,105.6,56,44,1,0,0.105,0.9332
1127,30.5,1.14,0.87,0.0,108.0,62,45,1,0,0.1047,0.987
1128,-38.85,1.8,0.5,1.35,120.0,64,50,4,2,0.1045,2.0348
1129,-147.95,1.4,0.9,0.0,93.6,50,39,2,0,0.1043,1.0128
1130,-54.6,1.33,0.0,0.6,91.2,52,38,0,1,0.1041,1.0112
1131,-166.35,1.61,0.02,2.3,103.2,55,43,1,1,0.1039,1.2833
1132,-275.5,2.09,1.88,0.0,110.4,63,46,2,0,0.1037,1.3688
1133,-94.9,0.95,1.24,0.02,84.0,47,35,2,1,0.1035,1.2135
1134,90.7,1.03,0.86,0.02,108.0,59,45,2,1,0.1033,1.2824
1135,281.1,1.55,0.02,0.02,110.4,59,46,1,1,0.1031,1.0552
1136,-43.3,1.92,1.0,0.0,117.6,64,49,4,0,0.1029,1.4842
1137,187.4,1.92,0.32,0.34,88.8,47,37,2,2,0.1027,1.5179
1138,-191.8,1.1,0.73,0.0,105.6,59,44,2,0,0.1025,1.2274
1139,42.65,1.3,0.0,0.0,110.4,58,46,0,0,0.1023,0.8453
1140,-353.0,1.61,0.43,0.45,105.6,62,44,3,1,0.1021,1.5636
1141,-135.35,1.83,0.0,0.0,93.6,52,39,0,0,0.1018,0.7916
1142,380.1,1.66,0.02,0.02,100.8,54,42,1,2,0.1016,1.238
1143,266.85,1.6,1.19,0.02,103.2,55,43,2,2,0.1014,1.5889
1144,-19.55,1.78,0.0,0.0,124.8,66,52,0,0,0.1012,0.9257
1145,-94.1,1.75,0.0,0.0,98.4,52,41,0,0,0.101,0.7762
1146,57.05,1.46,0.02,0.0,103.2,52,43,1,0,0.1008,1.0242
1147,95.25,1.45,0.02,0.0,110.4,61,46,1,0,0.1006,0.8332
1148,-14.8,1.62,0.0,0.0,120.0,66,50,0,0,0.1004,0.8461
1149,16.95,1.29,2.02,0.48,96.0,49,40,2,3,0.1002,1.7837
1150,224.95,1.19,0.02,0.65,115.2,60,48,1,1,0.1,1.2985
1151,-275.4,1.59,0.02,2.57,110.4,59,46,1,1,0.0998,1.3204
1152,-215.65,1.91,2.15,0.02,115.2,62,48,3,1,0.0996,1.4328
1153,244.3,1.26,0.4,0.02,100.8,55,42,1,1,0.0994,1.2669
1154,165.4,1.44,0.02,0.0,103.2,55,43,2,0,0.0992,1.1246
1155,136.6,1.36,0.65,0.02,98.4,58,41,1,1,0.099,1.0546
1156,-155.9,2.0,0.0,0.0,112.8,65,47,0,0,0.0988,0.989
1157,166.35,1.04,0.0,0.02,105.6,56,44,0,1,0.0986,1.0328
1158,97.1,1.97,0.32,0.0,88.8,51,37,5,0,0.0984,1.3543
1159,-301.55,1.23,0.0,2.73,112.8,61,47,0,1,0.0982,1.2387
1160,-13.35,1.99,0.51,0.0,108.0,63,45,2,0,0.098,1.1229
1161,-1287.9,2.04,2.82,2.09,96.0,53,40,2,3,0.0978,2.1492
1162,-42.55,1.14,0.02,0.0,103.2,55,43,1,0,0.0977,1.1585
1163,136.65,1.52,2.73,0.02,100.8,57,42,1,2,0.0975,1.3775
1164,-137.15,1.76,0.02,1.12,110.4,61,46,2,1,0.0973,1.4404
1165,40.1,1.67,0.02,0.0,103.2,55,43,1,0,0.0971,0.9373
1166,-446.9,1.39,0.0,2.37,84.0,50,35,0,1,0.0969,1.201
1167,261.15,1.58,0.55,0.24,110.4,61,46,1,2,0.0967,1.3553
1168,143.1,1.7,0.21,0.0,117.6,65,49,2,0,0.0965,1.1192
1169,-91.75,1.75,0.0,0.0,98.4,53,41,0,0,0.0963,0.7668
1170,-193.85,1.45,1.55,0.0,105.6,58,44,2,0,0.0961,1.2115
1171,398.3,1.01,0.02,0.02,98.4,56,41,3,1,0.0959,1.286
1172,-77.45,1.78,0.53,0.32,112.8,64,47,1,1,0.0957,1.3946
1173,293.15,1.45,1.01,0.2,93.6,53,39,3,3,0.0955,1.9378
1174,-116.7,1.31,0.0,0.0,91.2,49,38,0,0,0.0953,0.8102
1175,35.95,1.32,0.0,0.0,108.0,59,45,0,0,0.0951,0.7385
1176,-242.75,1.69,1.39,0.97,117.6,64,49,4,2,0.095,1.8609
1177,102.9,1.58,0.0,0.02,98.4,54,41,0,1,0.0948,1.0417
1178,-56.2,1.2,0.0,0.0,108.0,58,45,0,0,0.0946,0.81
1179,214.15,1.31,0.93,0.02,115.2,63,48,4,1,0.0944,1.5531
1180,23.95,1.67,0.0,1.0,120.0,65,50,0,1,0.0942,1.1848
1181,-139.8,2.01,0.0,0.0,100.8,53,42,0,0,0.094,0.8675
1182,119.5,1.13,0.73,0.02,98.4,50,41,1,1,0.0938,1.1201
1183,318.8,1.35,0.02,0.02,105.6,61,44,1,1,0.0936,1.0506
1184,208.35,1.63,0.0,0.26,117.6,65,49,0,2,0.0934,1.3457
1185,-113.8,1.27,1.98,0.0,103.2,55,43,1,0,0.0933,1.0258
1186,-5.55,1.16,0.0,0.0,103.2,55,43,0,0,0.0931,0.7802
1187,88.6,1.37,0.02,0.0,112.8,61,47,1,0,0.0929,0.9601
1188,-18.2,1.46,1.1,0.02,110.4,62,46,4,2,0.0927,1.8201
1189,-64.65,1.36,0.0,0.0,93.6,49,39,0,0,0.0925,0.8334
1190,36.05,1.11,0.02,0.3,93.6,50,39,1,1,0.0923,1.0121
1191,285.35,1.02,0.07,0.0,108.0,56,45,3,0,0.0921,1.1542
1192,4.6,1.54,0.77,0.0,117.6,66,49,1,0,0.092,1.1228
1193,52.65,1.55,0.02,0.0,100.8,52,42,1,0,0.0918,0.8244
1194,104.25,1.43,0.02,0.0,93.6,50,39,2,0,0.0916,1.0144
1195,47.3,1.54,0.0,0.02,108.0,61,45,0,1,0.0914,1.095
1196,-714.4,1.79,5.67,2.23,110.4,62,46,1,1,0.0912,1.4037
1197,-50.6,1.15,0.85,0.0,93.6,53,39,1,0,0.091,0.8301
1198,-7.35,1.44,0.0,0.0,112.8,59,47,0,0,0.0909,0.873
1199,-540.55,1.93,2.84,1.0,100.8,58,42,2,2,0.0907,1.825
1200,-168.8,2.39,0.32,1.22,105.6,60,44,2,2,0.0905,1.5609
1201,64.15,1.75,0.0,0.02,96.0,51,40,0,1,0.0903,0.8704
1202,606.8,1.4,0.02,0.02,115.2,60,48,2,2,0.0901,1.3902
1203,208.65,1.7,0.69,0.49,103.2,55,43,3,3,0.09,2.0707
1204,-393.75,1.98,0.0,0.0,110.4,62,46,0,0,0.0898,1.1749
1205,-85.65,1.65,0.0,0.95,88.8,48,37,0,1,0.0896,0.992
1206,93.55,1.2,1.06,0.02,96.0,55,40,5,1,0.0894,1.5854
1207,-1.7,1.25,0.68,0.0,100.8,56,42,2,0,0.0892,1.1747
1208,-335.8,1.48,1.78,0.0,112.8,65,47,1,0,0.0891,1.1354
1209,132.5,1.37,0.59,0.02,96.0,56,40,2,1,0.0889,1.2066
1210,-81.6,1.42,0.0,0.0,103.2,55,43,0,0,0.0887,0.8336
1211,321.0,1.31,0.08,0.02,108.0,57,45,1,1,0.0885,1.0349
1212,-122.8,2.26,0.89,0.0,112.8,63,47,3,0,0.0884,1.3779
1213,206.2,1.25,0.7,0.02,103.2,57,43,1,1,0.0882,1.0464
1214,111.35,1.22,0.0,0.86,110.4,60,46,0,3,0.088,1.5809
1215,356.55,1.03,0.02,0.02,112.8,62,47,1,1,0.0878,1.0155
1216,-117.15,1.37,1.55,0.0,120.0,64,50,2,0,0.0876,1.2671
1217,-15.3,1.9,0.0,0.02,88.8,49,37,0,1,0.0875,0.8527
1218,331.3,1.23,0.0,0.02,105.6,54,44,0,2,0.0873,1.3305
1219,158.85,1.45,0.0,0.32,108.0,58,45,0,1,0.0871,1.077
1220,47.05,1.8,0.0,0.67,112.8,65,47,0,1,0.0869,1.125
1221,-209.15,1.31,1.76,0.0,103.2,55,43,2,0,0.0868,1.105
1222,-59.1,1.81,0.43,1.42,103.2,53,43,1,1,0.0866,1.2898
1223,-23.0,1.49,0.0,0.0,108.0,60,45,0,0,0.0864,0.7473
1224,94.45,1.82,0.99,0.02,110.4,61,46,3,1,0.0863,1.3445
1225,122.3,1.17,0.03,0.0,96.0,52,40,2,0,0.0861,0.8242
1226,-218.15,1.22,0.24,0.0,93.6,55,39,2,0,0.0859,1.2389
1227,-122.9,1.57,1.62,0.02,98.4,55,41,3,1,0.0857,1.4912
1228,-107.15,1.72,1.22,0.0,115.2,66,48,1,0,0.0856,0.9709
1229,-182.95,1.71,1.12,0.0,86.4,49,36,1,0,0.0854,0.8798
1230,-2518.9,2.61,4.16,2.31,84.0,48,35,4,4,0.0852,2.8888
1231,151.0,1.62,0.0,0.33,112.8,62,47,0,1,0.0851,1.1721
1232,-7.95,1.78,0.89,0.0,112.8,64,47,2,0,0.0849,1.0957
1233,-92.5,1.27,1.37,0.02,96.0,50,40,5,1,0.0847,1.5712
1234,187.35,1.84,0.34,0.02,103.2,53,43,3,1,0.0845,1.5249
1235,118.25,1.29,0.02,0.0,112.8,62,47,1,0,0.0844,0.9155
1236,-611.4,1.93,0.41,1.05,110.4,62,46,3,1,0.0842,1.5782
1237,-42.95,1.38,0.02,1.52,105.6,57,44,1,1,0.084,1.1706
1238,-106.8,1.36,0.0,0.0,96.0,51,40,0,0,0.0839,0.8208
1239,-198.0,1.31,1.38,1.38,108.0,57,45,2,2,0.0837,1.6894
1240,-300.7,1.55,0.0,0.0,115.2,66,48,0,0,0.0835,0.9587
1241,182.8,1.72,0.02,0.22,98.4,56,41,1,1,0.0834,1.2338
1242,-85.45,1.39,0.62,0.02,91.2,51,38,3,2,0.0832,1.6798
1243,180.4,1.22,0.24,0.0,108.0,57,45,2,0,0.083,1.0395
1244,24.3,1.62,0.0,0.28,115.2,64,48,0,1,0.0829,1.0209
1245,66.4,2.06,0.67,0.02,96.0,51,40,2,1,0.0827,1.2005
1246,18.3,1.24,0.02,0.0,98.4,53,41,1,0,0.0825,1.035
1247,161.6,1.4,0.1,0.0,108.0,59,45,2,0,0.0824,0.9219
1248,546.4,2.04,0.02,0.02,115.2,64,48,1,3,0.0822,1.4427
1249,-102.95,1.82,0.0,0.0,100.8,52,42,0,0,0.082,0.7977
1250,37.6,1.25,0.02,0.0,103.2,52,43,1,0,0.0819,1.045
1251,348.65,1.53,0.02,0.48,100.8,56,42,1,3,0.0817,1.45
1252,-14.3,1.68,0.0,0.0,122.4,66,51,0,0,0.0816,0.8979
1253,-50.1,1.27,0.0,0.0,93.6,49,39,0,0,0.0814,0.6961
1254,17.4,1.59,0.97,0.02,93.6,50,39,2,1,0.0812,1.2414
1255,70.15,1.33,0.0,0.0,117.6,61,49,0,0,0.0811,0.763
1256,265.4,2.27,0.11,0.02,115.2,64,48,2,1,0.0809,1.2851
1257,277.55,1.36,0.18,0.02,79.2,44,33,4,1,0.0807,1.1614
1258,-6.05,0.99,0.0,0.0,100.8,53,42,0,0,0.0806,1.0179
1259,100.2,1.16,2.62,0.02,110.4,60,46,1,1,0.0804,1.1998
1260,259.05,1.91,0.71,0.38,112.8,60,47,4,2,0.0803,1.8167
1261,-133.9,1.5,1.47,0.0,108.0,59,45,1,0,0.0801,1.0771
1262,24.75,1.24,0.08,0.0,93.6,54,39,1,0,0.0799,0.9156
1263,-1465.4,2.38,1.98,1.19,96.0,55,40,2,4,0.0798,2.6446
1264,-18.4,1.76,0.0,0.0,124.8,66,52,0,0,0.0796,0.9184
1265,-393.2,1.11,0.0,1.46,103.2,58,43,0,2,0.0795,1.3724
1266,38.0,1.19,1.62,0.02,100.8,53,42,2,1,0.0793,1.4376
1267,-4.4,1.11,1.13,0.0,110.4,60,46,4,0,0.0791,1.2881
1268,-13.35,1.8,0.0,0.0,120.0,64,50,0,0,0.079,0.9151
1269,-509.8,1.3,1.46,1.77,96.0,52,40,5,1,0.0788,1.8478
1270,-91.1,1.18,0.0,0.0,98.4,53,41,0,0,0.0787,0.8083
1271,284.3,1.14,0.02,0.0,120.0,61,50,2,0,0.0785,1.0217
1272,103.85,2.15,0.21,0.75,110.4,63,46,2,1,0.0784,1.2121
1273,311.85,1.49,0.02,0.3,110.4,60,46,1,2,0.0782,1.2029
1274,-48.35,1.31,0.0,0.0,110.4,58,46,0,0,0.078,0.8925
1275,-544.8,2.04,1.68,1.28,100.8,57,42,3,2,0.0779,1.7839
1276,-39.85,1.99,0.0,0.77,117.6,66,49,0,1,0.0777,1.2267
1277,60.15,1.28,0.0,0.0,112.8,58,47,0,0,0.0776,0.8421
1278,138.3,1.06,0.02,0.84,100.8,52,42,1,3,0.0774,1.6673
1279,48.7,1.05,0.0,0.72,112.8,62,47,0,1,0.0773,1.0853
1280,23.9,1.61,0.48,0.0,120.0,65,50,1,0,0.0771,1.0393
1281,-128.4,1.26,0.45,0.76,86.4,51,36,1,2,0.077,1.459
1282,-128.05,1.36,0.0,1.02,96.0,52,40,0,1,0.0768,1.1276
1283,94.25,1.19,0.53,0.0,103.2,58,43,2,0,0.0766,0.9922
1284,99.65,1.82,1.05,0.02,112.8,65,47,2,1,0.0765,1.2976
1285,-56.1,1.7,0.0,0.0,100.8,52,42,0,0,0.0763,0.8975
1286,127.1,1.42,0.0,0.02,105.6,59,44,0,1,0.0762,1.1041
1287,102.55,1.49,0.22,0.57,112.8,60,47,1,1,0.076,1.1659
1288,-27.65,1.82,0.0,0.0,124.8,64,52,0,0,0.0759,0.9192
1289,-124.8,1.68,0.0,0.02,79.2,44,33,0,1,0.0757,0.987
1290,147.45,1.06,1.89,0.44,103.2,56,43,2,3,0.0756,1.7158
1291,95.8,1.43,0.0,0.43,103.2,57,43,0,1,0.0754,0.9997
1292,193.95,1.56,0.4,0.02,115.2,65,48,1,1,0.0753,1.0444
1293,-23.3,2.33,0.0,0.02,88.8,51,37,0,1,0.0751,1.001
1294,77.1,1.66,0.0,0.02,96.0,54,40,0,1,0.075,0.9886
1295,-30.25,1.32,0.0,0.0,112.8,59,47,0,0,0.0748,0.9033
1296,137.35,1.3,0.02,0.0,127.2,70,53,2,0,0.0747,1.0306
1297,31.95,1.11,0.35,0.0,103.2,56,43,1,0,0.0745,0.8599
1298,-208.3,1.38,0.0,0.0,81.6,46,34,0,0,0.0744,0.742
1299,274.45,1.38,0.72,0.02,110.4,61,46,4,1,0.0742,1.4994
1300,-222.05,1.68,0.46,1.43,110.4,63,46,2,1,0.0741,1.4394
1301,28.55,2.16,1.0,0.02,98.4,54,41,1,1,0.0739,1.0688
1302,-218.15,1.25,0.0,0.0,86.4,49,36,0,0,0.0738,0.6846
1303,72.8,1.49,0.02,0.0,105.6,58,44,1,0,0.0736,0.8653
1304,-58.35,1.67,0.0,0.0,120.0,64,50,0,0,0.0735,0.8668
1305,-244.75,1.79,0.02,0.0,88.8,51,37,2,0,0.0733,1.0067
1306,-152.5,1.27,0.0,0.0,93.6,51,39,0,0,0.0732,0.7631
1307,-69.3,1.4,1.46,0.0,112.8,58,47,3,0,0.073,1.1763
1308,-44.75,1.67,0.62,0.0,115.2,67,48,1,0,0.0729,0.9096
1309,-342.35,1.43,0.0,0.0,98.4,55,41,0,0,0.0728,0.8799
1310,-70.65,1.41,0.0,0.0,100.8,51,42,0,0,0.0726,0.7639
1311,-882.3,1.53,1.28,3.95,103.2,54,43,6,1,0.0725,2.0375
1312,116.75,1.84,0.0,0.02,112.8,64,47,0,1,0.0723,0.9521
1313,47.8,1.33,0.42,0.0,103.2,57,43,1,0,0.0722,0.877
1314,485.95,1.11,0.33,0.02,93.6,53,39,3,2,0.072,1.3212
1315,44.1,1.41,0.02,0.0,100.8,57,42,1,0,0.0719,0.8111
1316,-13.35,1.8,0.0,0.0,122.4,64,51,0,0,0.0717,0.7745
1317,117.35,1.52,1.06,0.02,96.0,55,40,3,3,0.0716,1.6649
1318,-75.35,1.39,0.0,0.0,91.2,50,38,0,0,0.0715,0.742
1319,-66.2,1.82,0.0,0.0,112.8,62,47,0,0,0.0713,0.7415
1320,-411.1,2.52,0.3,1.51,108.0,61,45,2,3,0.0712,1.9249
1321,-53.4,1.56,0.0,0.0,100.8,52,42,0,0,0.071,0.745
1322,32.8,1.15,2.03,0.02,93.6,53,39,1,1,0.0709,1.1244
1323,-767.05,2.07,1.26,0.98,93.6,57,39,3,3,0.0707,2.1292
1324,195.3,1.71,0.0,0.02,122.4,65,51,0,1,0.0706,1.0983
1325,108.45,1.62,0.0,0.02,105.6,55,44,0,1,0.0705,0.9487
1326,15.05,1.39,0.63,0.0,103.2,58,43,3,0,0.0703,1.443
1327,-138.45,1.1,2.88,0.0,110.4,61,46,1,0,0.0702,0.925
1328,-21.35,1.64,0.0,0.0,115.2,63,48,0,0,0.07,0.8379
1329,207.8,1.42,0.02,0.02,93.6,52,39,1,1,0.0699,0.9542
1330,-1.7,1.81,0.0,0.02,86.4,48,36,0,1,0.0698,0.9684
1331,-416.4,1.48,0.0,2.95,103.2,59,43,0,1,0.0696,1.2256
1332,-211.45,1.92,1.63,0.57,110.4,62,46,4,3,0.0695,2.262
1333,-76.45,1.7,0.0,0.0,96.0,52,40,0,0,0.0693,0.7973
1334,151.45,1.42,0.0,0.02,100.8,53,42,0,1,0.0692,1.0911
1335,-503.3,1.69,2.42,1.23,105.6,57,44,2,4,0.0691,2.3117
1336,110.6,2.01,0.0,0.02,110.4,64,46,0,1,0.0689,1.0656
1337,-26.65,1.2,0.77,0.0,103.2,56,43,3,0,0.0688,1.1753
1338,138.9,1.1,0.0,0.51,98.4,53,41,0,2,0.0687,1.292
1339,-36.25,1.5,0.02,1.21,105.6,56,44,1,2,0.0685,1.5388
1340,77.3,1.61,0.02,0.0,127.2,67,53,1,0,0.0684,1.0037
1341,-401.1,1.5,1.7,0.0,91.2,54,38,4,0,0.0682,1.2868
1342,142.3,1.56,0.0,0.02,100.8,54,42,0,1,0.0681,1.0023
1343,31.05,1.09,0.0,0.0,115.2,62,48,0,0,0.068,0.7296
1344,16.4,1.54,0.97,0.0,120.0,65,50,1,0,0.0678,1.0251
1345,-182.85,1.61,0.0,1.57,103.2,55,43,0,1,0.0677,1.1699
1346,-172.5,1.56,1.53,0.0,105.6,56,44,1,0,0.0676,1.01
1347,184.0,1.49,1.67,0.3,108.0,60,45,3,3,0.0674,1.78
1348,-68.9,2.14,0.0,0.0,115.2,66,48,0,0,0.0673,0.8836
1349,-422.15,1.83,0.0,2.45,93.6,53,39,0,1,0.0672,1.2319
1350,-89.5,1.14,0.0,0.93,91.2,51,38,0,1,0.067,1.1054
1351,5.8,1.43,0.0,0.77,100.8,59,42,0,1,0.0669,0.9252
1352,-166.15,1.6,0.02,1.93,112.8,65,47,1,1,0.0668,1.2081
1353,102.6,1.3,0.4,0.0,98.4,54,41,2,0,0.0666,0.8962
1354,-347.15,1.15,0.0,2.58,96.0,51,40,0,1,0.0665,1.201
1355,-157.35,1.66,0.37,0.02,105.6,61,44,1,1,0.0664,1.4208
1356,16.1,1.75,1.43,0.02,110.4,60,46,1,1,0.0662,1.1871
1357,-226.55,1.68,0.0,0.0,88.8,49,37,0,0,0.0661,0.7356
1358,-11.8,1.11,0.0,0.02,103.2,59,43,0,1,0.066,1.0691
1359,-516.2,1.27,1.7,0.02,91.2,56,38,5,1,0.0658,1.7167
1360,-233.05,2.0,2.37,0.0,108.0,63,45,1,0,0.0657,1.0558
1361,-26.9,1.11,0.62,0.0,98.4,51,41,2,0,0.0656,1.0053
1362,-533.25,1.69,1.3,2.47,93.6,53,39,3,1,0.0654,1.4489
1363,13.85,1.37,0.0,0.0,112.8,58,47,0,0,0.0653,0.7372
1364,-113.75,1.99,3.57,0.02,120.0,64,50,1,1,0.0652,1.1245
1365,-168.05,2.05,0.0,0.73,98.4,53,41,0,1,0.065,0.9713
1366,-137.75,1.05,0.0,0.0,93.6,53,39,0,0,0.0649,0.8607
1367,103.95,1.59,0.02,0.0,110.4,60,46,1,0,0.0648,0.8106
1368,-263.25,1.71,0.46,1.21,108.0,62,45,3,2,0.0647,1.656
1369,80.9,1.62,0.12,0.0,100.8,53,42,2,0,0.0645,0.9791
1370,-7.1,1.72,0.0,0.02,86.4,49,36,0,1,0.0644,0.8434
1371,-616.3,1.2,0.4,2.88,100.8,55,42,3,2,0.0643,1.8898
1372,195.05,2.32,0.0,0.23,108.0,63,45,0,2,0.0641,1.3546
1373,-48.85,1.44,0.0,0.77,98.4,55,41,0,1,0.064,1.0093
1374,-177.15,1.71,3.07,0.53,96.0,51,40,1,2,0.0639,1.5533
1375,112.05,1.12,0.02,0.0,105.6,57,44,1,0,0.0638,0.8993
1376,197.4,1.83,0.02,0.0,122.4,66,51,2,0,0.0636,1.1096
1377,79.3,1.38,1.48,0.72,105.6,52,44,3,5,0.0635,2.2059
1378,-10.35,1.12,0.0,0.0,100.8,55,42,0,0,0.0634,0.9339
1379,55.95,1.42,0.0,0.0,110.4,59,46,0,0,0.0632,0.8199
1380,38.4,2.09,1.32,0.02,110.4,62,46,2,2,0.0631,1.3772
1381,117.5,1.08,0.02,0.0,105.6,54,44,1,0,0.063,0.9672
1382,-82.3,1.11,0.0,0.0,93.6,50,39,0,0,0.0629,0.7002
1383,-354.7,1.09,1.7,0.88,110.4,60,46,5,1,0.0627,2.0638
1384,-25.95,1.75,0.02,0.0,112.8,65,47,1,0,0.0626,0.9602
1385,48.75,1.43,0.02,0.0,100.8,55,42,1,0,0.0625,0.8885
1386,185.7,1.48,0.02,0.02,91.2,54,38,1,1,0.0624,0.9988
1387,1.5,1.41,0.0,0.0,112.8,58,47,0,0,0.0622,0.819
1388,-25.4,1.53,0.58,0.0,110.4,63,46,1,0,0.0621,0.995
1389,-25.85,1.44,0.93,0.0,105.6,58,44,3,0,0.062,1.2495
1390,-48.05,1.54,0.02,0.0,98.4,51,41,1,0,0.0619,0.8346
1391,24.25,1.45,0.0,0.0,100.8,56,42,0,0,0.0617,0.6916
1392,-762.4,2.24,1.89,1.37,103.2,60,43,3,2,0.0616,1.9299
1393,-136.35,1.77,0.0,0.0,93.6,49,39,0,0,0.0615,0.7091
1394,-64.2,1.67,0.0,0.0,103.2,53,43,0,0,0.0614,0.7618
1395,35.9,1.18,0.87,0.02,93.6,55,39,1,2,0.0612,1.3659
1396,16.25,1.68,0.0,0.0,122.4,66,51,0,0,0.0611,0.8632
1397,-52.3,1.44,0.0,0.0,98.4,55,41,0,0,0.061,0.6505
1398,465.25,1.02,0.02,0.02,105.6,58,44,3,1,0.0609,1.2328
1399,-109.7,1.88,0.9,1.35,110.4,59,46,1,1,0.0608,1.3819
1400,109.8,1.48,0.02,0.0,122.4,66,51,1,0,0.0606,0.9291
1401,566.2,1.1,0.02,0.11,96.0,57,40,1,4,0.0605,1.7553
1402,-211.55,1.88,0.56,0.0,98.4,53,41,3,0,0.0604,1.3095
1403,11.15,1.55,0.0,1.13,115.2,60,48,0,1,0.0603,1.0193
1404,-334.1,1.86,0.55,1.02,108.0,60,45,2,4,0.0602,2.0953
1405,72.7,1.82,0.0,0.02,108.0,56,45,0,1,0.06,1.044
1406,9.35,1.25,0.0,0.0,108.0,57,45,0,0,0.0599,0.6911
1407,-9.6,1.05,1.33,0.0,108.0,57,45,1,0,0.0598,1.003
1408,-68.55,1.57,1.36,0.0,117.6,66,49,2,0,0.0597,1.1053
1409,-86.9,1.47,1.02,0.0,91.2,51,38,2,0,0.0596,0.866
1410,2.25,1.51,0.02,0.0,79.2,45,33,2,0,0.0594,0.837
1411,78.5,1.04,0.0,0.0,112.8,60,47,0,0,0.0593,0.7857
1412,-43.6,1.8,0.0,0.0,115.2,65,48,0,0,0.0592,0.7712
1413,297.5,1.81,0.02,0.17,103.2,59,43,1,2,0.0591,1.3568
1414,48.6,1.48,0.95,0.0,110.4,59,46,1,0,0.059,0.9319
1415,2.15,1.56,0.0,0.0,110.4,59,46,0,0,0.0588,0.7814
1416,-345.5,1.81,0.69,1.73,112.8,63,47,3,2,0.0587,2.065
1417,-49.35,1.75,0.44,0.0,93.6,49,39,2,0,0.0586,1.0567
1418,54.3,1.37,0.02,0.0,108.0,60,45,1,0,0.0585,0.9141
1419,78.85,1.13,0.68,0.0,100.8,57,42,1,0,0.0584,0.8295
1420,88.1,1.59,0.02,0.0,120.0,65,50,1,0,0.0583,0.8757
1421,136.25,1.28,0.16,0.0,96.0,52,40,2,0,0.0581,0.8484
1422,60.4,1.52,0.0,0.02,98.4,54,41,0,1,0.058,1.0113
1423,243.6,1.29,0.88,0.02,105.6,60,44,3,1,0.0579,1.3581
1424,12.95,1.67,0.4,1.03,117.6,63,49,2,1,0.0578,1.3552
1425,114.05,1.35,0.0,0.02,96.0,50,40,0,1,0.0577,0.8314
1426,362.9,1.26,0.0,0.02,108.0,57,45,0,2,0.0576,1.0288
1427,-23.1,1.41,0.02,0.0,112.8,59,47,1,0,0.0574,0.9146
1428,-22.45,1.58,0.0,0.0,115.2,63,48,0,0,0.0573,0.7711
1429,-123.4,1.81,0.0,0.0,91.2,53,38,0,0,0.0572,0.7765
1430,-189.05,1.32,1.8,0.0,93.6,53,39,1,0,0.0571,0.9833
1431,-110.45,1.7,1.11,0.0,105.6,59,44,2,0,0.057,1.0005
1432,203.2,1.61,0.02,0.0,122.4,67,51,2,0,0.0569,0.9733
1433,-115.0,1.38,0.0,0.0,96.0,52,40,0,0,0.0568,0.7079
1434,-160.65,1.28,2.68,0.54,96.0,56,40,2,3,0.0566,1.8793
1435,378.4,1.46,0.02,0.0,110.4,59,46,4,0,0.0565,1.0668
1436,31.95,1.55,0.0,0.0,117.6,65,49,0,0,0.0564,0.8573
1437,314.45,1.32,0.0,0.07,96.0,56,40,0,2,0.0563,1.0904
1438,-399.85,1.33,2.0,0.0,96.0,55,40,3,0,0.0562,1.2309
1439,59.85,1.99,0.02,0.4,103.2,57,43,1,1,0.0561,1.3022
1440,143.0,1.85,0.02,0.23,117.6,66,49,1,2,0.056,1.4085
1441,-53.8,1.45,0.0,0.0,98.4,53,41,0,0,0.0559,0.668
1442,-104.2,1.25,0.0,0.0,93.6,51,39,0,0,0.0557,0.8088
1443,389.2,1.96,0.02,0.02,103.2,56,43,1,2,0.0556,1.2999
1444,320.9,1.95,1.12,0.02,120.0,66,50,2,2,0.0555,1.5507
1445,-23.3,1.77,0.02,0.0,96.0,54,40,1,0,0.0554,0.8404
1446,63.6,1.56,0.81,0.02,88.8,51,37,2,1,0.0553,1.2369
1447,-74.75,1.45,0.02,1.82,108.0,58,45,1,1,0.0552,1.1892
1448,-492.15,1.73,0.0,0.0,115.2,64,48,0,0,0.0551,1.0936
1449,-329.5,1.34,3.07,0.99,93.6,49,39,1,3,0.055,1.5621
1450,82.5,1.83,0.0,0.02,96.0,54,40,0,1,0.0549,1.1132
1451,-284.85,1.56,1.22,1.48,100.8,58,42,2,2,0.0548,1.6003
1452,-199.5,1.62,1.57,0.02,110.4,63,46,5,1,0.0546,1.7599
1453,-3.25,1.44,0.0,0.0,110.4,57,46,0,0,0.0545,0.809
1454,-61.25,1.23,0.0,0.0,98.4,51,41,0,0,0.0544,0.7412
1455,-1329.55,2.04,2.99,1.87,93.6,56,39,2,3,0.0543,2.2783
1456,-89.35,1.82,0.0,0.0,117.6,66,49,0,0,0.0542,0.9264
1457,-10.65,1.3,0.0,0.0,110.4,61,46,0,0,0.0541,0.6992
1458,-411.15,1.34,1.33,1.46,96.0,56,40,3,2,0.054,1.7036
1459,205.1,1.37,0.0,0.02,105.6,60,44,0,1,0.0539,0.9609
1460,197.85,1.62,0.58,0.02,120.0,63,50,2,1,0.0538,1.4248
1461,355.5,1.35,0.09,0.02,108.0,58,45,2,1,0.0537,1.0447
1462,277.8,0.74,0.02,0.02,100.8,53,42,1,1,0.0536,0.9878
1463,47.0,1.38,0.0,0.0,110.4,58,46,0,0,0.0535,0.7836
1464,-655.5,1.87,2.17,0.0,108.0,61,45,4,0,0.0533,1.5103
1465,121.65,1.65,0.0,0.02,81.6,46,34,0,2,0.0532,1.0821
1466,-236.7,0.99,0.18,0.02,91.2,51,38,1,1,0.0531,1.1903
1467,96.65,1.74,0.6,0.0,108.0,54,45,5,0,0.053,1.4676
1468,91.05,1.62,1.55,0.02,117.6,66,49,2,1,0.0529,1.4035
1469,-88.05,1.34,0.0,0.0,91.2,47,38,0,0,0.0528,0.7841
1470,-119.0,1.63,1.37,0.29,93.6,52,39,3,2,0.0527,1.5724
1471,-105.55,1.91,0.02,1.53,108.0,58,45,1,1,0.0526,1.1974
1472,-295.85,2.01,0.02,2.4,115.2,65,48,1,1,0.0525,1.4497
1473,-670.75,1.64,1.9,0.83,103.2,59,43,1,1,0.0524,1.3677
1474,-52.35,1.42,0.02,0.0,93.6,52,39,2,0,0.0523,1.109
1475,-382.65,1.14,0.02,0.0,103.2,57,43,1,0,0.0522,1.0126
1476,32.5,1.88,1.14,0.61,108.0,61,45,2,3,0.0521,1.9628
1477,-36.55,1.51,0.0,0.0,100.8,53,42,0,0,0.052,0.7323
1478,91.15,1.3,0.02,0.42,93.6,54,39,1,1,0.0519,1.0643
1479,204.7,1.8,0.57,0.02,112.8,59,47,2,1,0.0518,1.1822
1480,190.65,1.65,0.0,0.02,117.6,65,49,0,1,0.0517,1.0984
1481,-43.9,1.59,0.02,0.0,91.2,49,38,1,0,0.0516,0.7528
1482,174.85,1.4,0.02,0.39,93.6,51,39,1,2,0.0515,1.2618
1483,333.3,1.77,0.02,0.02,110.4,54,46,2,1,0.0514,1.3839
1484,-14.3,2.07,0.73,0.0,117.6,65,49,1,0,0.0513,1.0531
1485,151.75,1.46,0.21,0.0,108.0,57,45,2,0,0.0512,0.975
1486,-6.5,1.35,1.13,0.0,108.0,57,45,1,0,0.051,0.9332
1487,19.4,1.59,0.0,0.0,115.2,59,48,0,0,0.0509,0.8291
1488,-990.05,1.78,0.27,1.18,110.4,64,46,2,2,0.0508,1.7961
1489,76.3,1.38,0.69,0.0,105.6,58,44,2,0,0.0507,0.9756
1490,93.75,1.49,0.02,0.02,93.6,53,39,1,1,0.0506,1.023
1491,326.7,1.35,0.6,0.02,100.8,57,42,3,1,0.0505,1.1962
1492,-12.0,1.8,0.0,0.0,122.4,65,51,0,0,0.0504,0.8944
1493,-99.25,1.52,0.89,0.0,93.6,52,39,3,0,0.0503,1.0484
1494,-66.05,1.41,0.02,0.0,105.6,57,44,1,0,0.0502,0.9321
1495,200.0,1.31,0.0,0.02,112.8,60,47,0,1,0.0501,0.9409
1496,136.55,1.48,0.0,0.53,120.0,68,50,0,1,0.05,1.0339
1497,-54.25,1.37,1.18,0.83,96.0,54,40,1,1,0.05,1.1234
1498,-146.15,1.55,0.0,0.0,98.4,55,41,0,0,0.05,0.8968
1499,42.65,1.44,0.0,0.0,117.6,61,49,0,0,0.05,0.7494
1500,-171.25,1.72,1.52,1.3,115.2,65,48,1,1,0.05,1.2709
1501,-155.6,1.56,0.0,0.0,96.0,53,40,0,0,0.05,0.7143
1502,197.65,1.36,0.68,0.2,88.8,50,37,3,2,0.05,1.3339
1503,-27.6,1.4,0.17,0.52,91.2,55,38,2,2,0.05,1.5456
1504,-349.3,1.91,1.93,0.0,117.6,65,49,3,0,0.05,1.4112
1505,-61.9,1.79,0.02,0.0,93.6,50,39,1,0,0.05,0.8951
1506,44.6,1.28,0.0,0.02,108.0,53,45,0,2,0.05,1.4547
1507,108.8,1.06,0.53,0.0,105.6,60,44,3,0,0.05,1.1736
1508,-37.25,1.85,0.0,0.0,122.4,66,51,0,0,0.05,0.886
1509,-259.4,1.75,0.0,1.42,98.4,55,41,0,1,0.05,1.0481
1510,49.6,1.17,0.13,0.0,100.8,52,42,1,0,0.05,0.9636
1511,130.55,1.75,0.02,0.0,105.6,60,44,2,0,0.05,0.9164
1512,3.1,1.8,0.54,0.68,105.6,59,44,4,3,0.05,2.028
1513,49.0,1.73,0.02,0.0,93.6,51,39,2,0,0.05,0.9877
1514,160.6,0.83,0.0,0.56,96.0,56,40,0,3,0.05,1.5023
1515,251.25,1.76,0.43,0.02,98.4,55,41,2,1,0.05,1.1764
1516,275.85,1.27,0.02,0.0,117.6,66,49,3,0,0.05,1.105
1517,261.6,1.09,1.5,0.31,110.4,57,46,1,2,0.05,1.3744
1518,284.5,1.46,0.02,0.02,105.6,58,44,2,1,0.05,1.0864
1519,140.25,1.27,0.02,0.0,108.0,57,45,1,0,0.05,0.8843
1520,96.8,1.79,0.02,0.0,122.4,67,51,1,0,0.05,1.0036
1521,-197.45,1.72,0.65,1.06,91.2,50,38,2,2,0.05,1.5733
1522,82.95,1.15,0.02,0.02,91.2,53,38,1,1,0.05,1.1659
1523,148.85,1.33,0.02,0.0,117.6,63,49,1,0,0.05,0.9912
1524,-1469.25,2.39,6.17,1.84,100.8,58,42,1,4,0.05,2.3096
1525,-345.95,1.3,0.0,1.62,98.4,55,41,0,1,0.05,1.3087
1526,-31.2,1.43,0.0,0.0,110.4,56,46,0,0,0.05,0.8319
1527,-415.4,1.41,2.12,1.33,103.2,58,43,3,1,0.05,1.4976
1528,-55.05,1.9,1.23,0.0,115.2,62,48,1,0,0.05,0.9083
1529,-3.5,1.84,0.0,0.62,96.0,51,40,0,2,0.05,1.2522
1530,-320.4,1.69,0.0,1.44,103.2,55,43,0,3,0.05,1.6369
1531,275.8,1.18,0.8,0.02,110.4,58,46,1,1,0.05,1.0372
1532,-25.05,1.97,0.0,0.0,122.4,67,51,0,0,0.05,0.7965
1533,-143.05,1.3,1.26,0.0,100.8,53,42,3,0,0.05,1.1946
1534,-181.2,1.65,0.0,0.0,93.6,54,39,0,0,0.05,0.9036
1535,184.45,1.1,0.02,0.0,115.2,63,48,1,0,0.05,0.8442
1536,-996.95,2.27,1.88,1.62,100.8,58,42,5,1,0.05,1.8298
1537,-61.25,1.86,0.02,0.0,96.0,55,40,1,0,0.05,0.8407
1538,-69.45,1.43,0.0,0.0,100.8,53,42,0,0,0.05,0.7826
1539,524.05,1.11,0.02,0.02,115.2,62,48,1,2,0.05,1.2786
1540,16.65,1.78,0.02,0.02,110.4,63,46,1,1,0.05,1.0928
1541,55.35,1.19,0.67,0.0,103.2,55,43,2,0,0.05,1.0681
1542,265.8,1.89,0.02,0.02,96.0,53,40,2,1,0.05,1.145
1543,-76.3,1.78,0.0,0.0,108.0,59,45,0,0,0.05,0.9072
1544,117.9,1.39,0.65,0.0,117.6,64,49,3,0,0.05,1.1593
1545,52.8,1.41,0.9,0.89,100.8,56,42,1,3,0.05,1.5683
1546,423.15,1.74,0.0,0.02,103.2,57,43,0,3,0.05,1.4394
1547,-284.8,1.38,2.45,1.18,108.0,60,45,2,1,0.05,1.5279
1548,587.1,1.38,0.02,0.17,122.4,67,51,5,1,0.05,1.4356
1549,-134.75,2.28,0.02,0.0,88.8,47,37,1,0,0.05,0.7592
1550,214.25,1.49,0.18,0.33,91.2,54,38,1,2,0.05,1.192
1551,-588.45,1.75,0.67,2.42,108.0,58,45,2,2,0.05,1.8064
1552,29.9,1.48,0.0,0.0,122.4,65,51,0,0,0.05,0.8602
1553,51.5,1.3,0.02,0.0,100.8,53,42,1,0,0.05,0.7523
1554,-665.05,1.32,4.53,1.1,91.2,51,38,1,1,0.05,1.3017
1555,160.4,0.97,0.08,0.0,105.6,60,44,1,0,0.05,0.8103
1556,-72.85,1.88,0.0,0.0,120.0,67,50,0,0,0.05,0.8418
1557,110.6,2.63,0.18,0.49,84.0,48,35,4,2,0.05,1.6434
1558,-61.05,1.43,0.0,0.0,105.6,55,44,0,0,0.05,0.7739
1559,40.95,1.48,0.0,0.0,115.2,63,48,0,0,0.05,0.6782
1560,-195.05,1.66,1.24,0.92,108.0,60,45,4,2,0.05,1.9594
1561,14.55,1.23,1.1,0.0,103.2,53,43,1,0,0.05,0.9575
1562,-376.1,1.47,1.39,1.53,91.2,49,38,2,1,0.05,1.3638
1563,-591.45,1.57,0.85,0.87,98.4,55,41,3,3,0.05,2.2566
1564,-2.5,1.67,0.0,0.0,122.4,64,51,0,0,0.05,0.8628
1565,178.9,1.35,1.15,0.02,103.2,57,43,1,1,0.05,1.0151
1566,480.35,1.1,0.02,0.02,110.4,60,46,3,1,0.05,1.1803
1567,218.2,1.19,0.0,0.02,117.6,62,49,0,1,0.05,0.971
1568,-82.05,1.81,2.45,0.02,115.2,64,48,1,1,0.05,1.3138
1569,508.05,0.69,1.27,0.02,98.4,53,41,2,3,0.05,1.5385
1570,-42.1,1.79,0.02,0.0,96.0,53,40,1,0,0.05,0.9042
1571,146.7,1.56,0.02,0.0,105.6,59,44,2,0,0.05,0.9717
1572,-179.2,2.09,0.02,0.1,115.2,66,48,1,2,0.05,1.8244
1573,-65.2,1.44,0.0,0.0,98.4,49,41,0,0,0.05,0.6903
1574,-29.35,1.17,0.0,0.0,103.2,53,43,0,0,0.05,0.7515
1575,227.7,1.1,0.77,0.13,103.2,57,43,1,1,0.05,1.1323
1576,-276.35,1.87,2.5,0.3,110.4,60,46,2,1,0.05,1.4629
1577,390.5,1.12,0.02,0.02,100.8,54,42,2,1,0.05,1.3112
1578,306.1,1.38,0.0,0.02,98.4,53,41,0,2,0.05,1.1164
1579,171.0,1.09,0.0,0.02,110.4,61,46,0,1,0.05,1.0783
1580,-16.75,1.83,0.0,1.03,122.4,67,51,0,1,0.05,1.1099
1581,807.45,1.43,0.88,0.16,108.0,56,45,3,5,0.05,2.0978
1582,17.8,1.24,1.23,0.0,112.8,57,47,1,0,0.05,1.0545
1583,247.1,1.53,0.05,0.02,105.6,55,44,1,1,0.05,0.9773
1584,386.35,1.84,0.66,0.08,117.6,66,49,2,2,0.05,1.4357
1585,131.15,1.28,0.24,0.0,96.0,51,40,3,0,0.05,1.1027
1586,-42.85,1.35,0.0,0.0,100.8,54,42,0,0,0.05,0.989
1587,-347.3,1.29,1.49,1.83,110.4,59,46,3,1,0.05,1.6605
1588,3.05,1.58,0.0,0.0,120.0,65,50,0,0,0.05,0.8712
1589,1.9,1.15,0.75,0.0,96.0,54,40,1,0,0.05,0.8554
1590,314.5,1.45,0.63,0.02,98.4,55,41,1,2,0.05,1.3329
1591,-11.25,2.08,1.73,0.02,98.4,53,41,1,1,0.05,1.2336
1592,-34.85,1.83,0.62,0.0,115.2,60,48,2,0,0.05,0.9808
1593,367.35,0.85,0.4,0.02,100.8,55,42,3,1,0.05,1.1311
1594,-56.85,1.16,0.0,0.0,93.6,49,39,0,0,0.05,0.7445
1595,1.3,1.47,0.95,0.69,96.0,54,40,2,3,0.05,1.6965
1596,202.9,1.54,0.7,0.02,117.6,64,49,4,1,0.05,1.56
1597,-24.35,1.44,0.0,0.0,108.0,57,45,0,0,0.05,0.9105
1598,-86.7,1.24,0.0,0.0,100.8,54,42,0,0,0.05,0.8042
1599,368.8,1.63,0.02,0.28,105.6,54,44,1,2,0.05,1.2269
1600,-105.85,1.62,0.0,0.0,117.6,65,49,0,0,0.05,0.8052
1601,-173.45,1.81,0.9,0.0,86.4,49,36,1,0,0.05,1.0258
1602,-47.3,1.27,0.0,1.28,108.0,54,45,0,1,0.05,1.0855
1603,27.15,1.37,0.0,0.0,110.4,58,46,0,0,0.05,0.803
1604,150.8,1.75,0.02,0.84,120.0,66,50,1,2,0.05,1.2551
1605,117.65,1.46,0.68,0.78,98.4,51,41,2,3,0.05,1.852
1606,-34.35,1.81,0.47,0.0,103.2,56,43,2,0,0.05,1.0313
1607,74.15,1.45,0.02,0.0,105.6,54,44,1,0,0.05,0.9199
1608,111.45,1.79,0.4,0.0,120.0,64,50,2,0,0.05,1.0268
1609,-632.05,1.58,0.0,1.98,93.6,51,39,0,2,0.05,1.4082
1610,-11.0,1.37,0.0,0.0,105.6,55,44,0,0,0.05,0.7639
1611,-165.25,1.59,3.07,0.02,98.4,54,41,1,1,0.05,1.1308
1612,-362.1,2.04,1.47,0.0,117.6,65,49,1,0,0.05,0.99
1613,150.5,1.61,0.0,0.02,103.2,55,43,0,1,0.05,1.0648
1614,972.95,0.95,0.0,0.23,117.6,58,49,0,6,0.05,1.857
1615,-349.5,1.47,3.67,0.0,100.8,57,42,1,0,0.05,1.1581
1616,-90.75,2.01,1.29,0.33,115.2,63,48,3,1,0.05,1.5369
1617,-370.7,1.98,3.15,0.0,93.6,53,39,1,0,0.05,0.9494
1618,-37.15,0.99,0.0,0.0,103.2,54,43,0,0,0.05,0.8335
1619,96.8,1.55,0.0,0.02,100.8,57,42,0,1,0.05,0.9521
1620,312.65,1.7,0.02,0.02,120.0,65,50,2,1,0.05,1.1248
1621,-74.0,1.75,0.02,0.0,91.2,48,38,1,0,0.05,0.826
1622,-40.85,1.17,0.0,0.0,110.4,60,46,0,0,0.05,0.8073
1623,171.65,1.29,0.02,0.02,115.2,62,48,1,1,0.05,1.0812
1624,-46.6,1.59,0.0,0.0,120.0,66,50,0,0,0.05,0.95
1625,-152.75,1.44,0.0,0.0,88.8,49,37,0,0,0.05,0.7103
1626,-105.75,1.33,0.02,0.78,100.8,54,42,1,1,0.05,1.1236
1627,16.0,1.62,0.0,0.0,112.8,62,47,0,0,0.05,0.8526
1628,-119.65,1.62,1.73,0.0,112.8,63,47,1,0,0.05,1.0233
1629,-1176.2,1.43,0.48,5.08,100.8,57,42,3,1,0.05,1.8169
1630,118.65,1.06,0.02,0.83,98.4,52,41,1,1,0.05,1.1218
1631,-11.0,1.76,0.0,0.0,112.8,62,47,0,0,0.05,0.7385
1632,-536.2,2.02,1.97,0.0,110.4,63,46,4,0,0.05,1.4527
1633,227.95,1.47,0.0,0.02,115.2,61,48,0,1,0.05,0.9388
1634,127.65,0.97,0.87,0.72,110.4,59,46,4,1,0.05,1.4975
1635,414.9,1.87,0.52,0.02,100.8,58,42,4,2,0.05,1.6045
1636,195.15,1.7,0.0,0.02,124.8,67,52,0,1,0.05,1.0558
1637,647.25,1.31,0.02,0.02,105.6,58,44,3,2,0.05,1.3687
1638,-227.8,1.55,1.4,0.0,91.2,50,38,1,0,0.05,0.8957
1639,0.0,1.52,0.0,0.0,110.4,60,46,0,0,0.05,0.8846
1640,-55.65,1.95,0.0,0.0,124.8,67,52,0,0,0.05,0.9648
1641,-124.3,1.51,1.07,0.02,88.8,48,37,2,2,0.05,1.4963
1642,-69.2,1.31,0.0,0.0,96.0,55,40,0,0,0.05,0.7875
1643,22.85,1.28,0.0,0.0,110.4,57,46,0,0,0.05,0.7384
1644,731.95,1.68,0.02,0.15,117.6,67,49,1,4,0.05,1.6596
1645,57.95,1.56,0.36,0.0,96.0,51,40,2,0,0.05,0.9913
1646,45.7,1.5,0.02,0.0,103.2,54,43,1,0,0.05,0.8609
1647,763.05,0.92,0.28,0.29,112.8,62,47,4,3,0.05,1.7581
1648,119.95,1.92,0.0,0.4,115.2,63,48,0,2,0.05,1.4833
1649,-166.85,1.32,0.02,2.45,108.0,57,45,1,1,0.05,1.5411
1650,-534.7,1.65,1.66,0.02,86.4,50,36,3,1,0.05,1.5381
1651,115.2,1.15,0.02,0.0,100.8,55,42,1,0,0.05,0.8625
1652,148.95,1.74,0.0,0.02,120.0,65,50,0,1,0.05,1.0986
1653,-590.85,1.53,3.2,1.17,105.6,54,44,2,2,0.05,1.9229
1654,-43.45,1.42,0.0,0.0,108.0,55,45,0,0,0.05,0.8348
1655,-27.1,1.66,0.0,0.0,108.0,59,45,0,0,0.05,0.73
1656,55.35,1.82,0.4,1.17,112.8,63,47,2,1,0.05,1.3287
1657,-60.9,1.58,0.3,0.0,100.8,54,42,1,0,0.05,0.891
1658,202.6,1.5,0.02,0.02,98.4,56,41,1,1,0.05,1.007
1659,-599.7,1.9,4.12,0.62,98.4,55,41,2,2,0.05,1.5551
1660,-23.1,2.14,0.0,0.37,112.8,63,47,0,1,0.05,1.093
1661,125.95,1.75,0.02,0.67,96.0,49,40,1,2,0.05,1.4444
1662,-343.7,1.19,0.58,2.83,93.6,53,39,3,1,0.05,1.6856
1663,311.15,1.4,0.09,0.0,105.6,55,44,4,0,0.05,1.1999
1664,-1154.75,1.86,0.0,0.0,115.2,64,48,0,0,0.05,1.3485
1665,-111.1,1.78,1.8,0.84,103.2,52,43,1,3,0.05,1.7722
1666,-103.25,1.13,0.0,0.0,100.8,56,42,0,0,0.05,0.9676
1667,-6.25,1.61,0.0,0.0,108.0,59,45,0,0,0.05,0.7721
1668,-230.6,1.67,1.44,0.02,110.4,63,46,3,1,0.05,1.5398
1669,108.1,1.44,0.12,0.0,98.4,55,41,2,0,0.05,0.9806
1670,-252.2,1.85,0.02,0.37,100.8,55,42,1,1,0.05,1.3567
1671,360.75,2.06,0.18,0.02,105.6,58,44,1,2,0.05,1.2932
1672,377.9,1.38,0.0,0.02,117.6,67,49,0,2,0.05,1.3524
1673,92.7,1.65,0.0,0.57,108.0,59,45,0,1,0.05,1.0824
1674,-4.5,1.79,0.02,1.42,98.4,53,41,2,1,0.05,1.28
1675,-6.5,1.76,0.0,0.0,115.2,59,48,0,0,0.05,0.8268
1676,25.65,1.75,0.83,0.0,115.2,65,48,2,0,0.05,1.005
1677,-366.9,1.88,1.32,1.28,100.8,53,42,3,1,0.05,1.4043
1678,-83.85,1.59,0.27,0.0,88.8,51,37,1,0,0.05,1.172
1679,-40.1,1.79,0.0,0.0,108.0,59,45,0,0,0.05,0.8009
1680,-335.65,1.66,0.92,2.32,108.0,62,45,3,1,0.05,1.4147
1681,-857.75,1.97,2.89,1.55,96.0,53,40,3,1,0.05,1.7746
1682,-91.4,1.08,1.24,0.0,98.4,52,41,2,0,0.05,1.1073
1683,-252.8,1.71,1.81,0.02,103.2,58,43,5,1,0.05,1.9075
1684,-6.3,1.81,3.12,0.24,120.0,63,50,1,2,0.05,1.4163
1685,-50.5,1.59,0.0,0.0,105.6,53,44,0,0,0.05,0.9549
1686,407.65,1.34,2.88,0.02,110.4,55,46,1,3,0.05,1.5177
1687,-1.85,1.58,0.97,0.0,110.4,61,46,1,0,0.05,0.918
1688,118.7,1.84,0.85,0.48,108.0,61,45,2,2,0.05,1.4461
1689,-296.15,1.59,0.02,1.32,93.6,50,39,2,6,0.05,2.6239
1690,149.05,1.63,0.02,0.0,103.2,54,43,2,0,0.05,1.105
1691,269.35,1.13,0.0,0.02,112.8,62,47,0,1,0.05,1.1647
1692,151.1,2.08,0.45,0.02,108.0,62,45,2,1,0.05,1.2222
1693,-198.55,1.64,0.0,1.45,100.8,55,42,0,1,0.05,1.1744
1694,-2.9,1.42,0.02,0.0,96.0,51,40,1,0,0.05,1.0718
1695,233.45,1.4,0.0,0.02,108.0,60,45,0,1,0.05,0.962
1696,-107.4,1.79,0.0,0.0,120.0,64,50,0,0,0.05,0.8956
1697,105.65,1.46,0.02,0.0,98.4,53,41,2,0,0.05,0.8754
1698,631.2,1.25,0.39,0.02,91.2,52,38,6,2,0.05,1.6583
1699,71.3,1.14,0.0,0.0,117.6,61,49,0,0,0.05,0.7431
1700,-43.2,1.57,0.0,0.0,110.4,65,46,0,0,0.05,0.7964
1701,186.65,2.13,0.07,0.02,88.8,48,37,2,1,0.05,1.0335
1702,-387.55,1.4,0.0,2.4,103.2,54,43,0,1,0.05,1.2498
1703,-2.85,1.39,0.0,0.0,112.8,60,47,0,0,0.05,0.78
1704,-565.7,1.47,2.56,0.48,112.8,64,47,4,3,0.05,2.3245
1705,12.3,1.54,0.37,0.0,105.6,57,44,1,0,0.05,0.8546
1706,75.0,1.11,0.0,0.02,96.0,54,40,0,1,0.05,0.8921
1707,153.4,1.34,1.22,0.02,117.6,62,49,5,1,0.05,1.6474
1708,-190.2,1.62,0.0,1.47,115.2,65,48,0,1,0.05,1.1776
1709,343.0,1.48,0.0,0.02,100.8,55,42,0,2,0.05,1.1084
1710,172.8,1.05,0.02,0.02,91.2,51,38,1,2,0.05,1.2746
1711,66.05,1.27,0.0,0.0,120.0,64,50,0,0,0.05,0.8404
1712,224.4,1.67,0.6,0.02,120.0,65,50,1,1,0.05,1.0604
1713,212.95,0.97,0.02,0.0,108.0,61,45,2,0,0.05,0.9551
1714,-77.65,1.07,0.0,0.0,96.0,51,40,0,0,0.05,0.8256
1715,-233.85,1.7,1.61,0.0,103.2,56,43,2,0,0.05,1.0993
1716,106.75,2.05,0.02,0.08,110.4,61,46,1,1,0.05,1.3461
1717,-49.1,1.77,0.0,0.0,105.6,54,44,0,0,0.05,0.8384
1718,-21.3,1.34,1.03,0.02,84.0,47,35,1,1,0.05,0.9774
1719,400.8,1.4,0.02,0.5,112.8,61,47,2,2,0.05,1.6487
1720,-9.8,1.59,0.0,0.0,124.8,67,52,0,0,0.05,0.9148
1721,-235.4,1.43,2.5,0.55,88.8,49,37,1,1,0.05,1.2229
1722,216.6,1.07,0.0,0.02,105.6,56,44,0,1,0.05,1.0918
1723,94.4,1.46,0.02,0.0,108.0,61,45,1,0,0.05,0.7588
1724,-10.1,1.77,0.0,0.0,122.4,65,51,0,0,0.05,0.804
1725,424.85,0.72,0.02,0.02,76.8,46,32,3,2,0.05,1.2811
1726,23.05,1.09,0.0,0.0,108.0,56,45,0,0,0.05,0.8496
1727,209.55,1.31,0.0,0.02,110.4,57,46,0,1,0.05,0.9187
1728,117.05,1.75,0.93,0.02,117.6,65,49,3,1,0.05,1.442
1729,-464.95,1.97,0.02,1.27,84.0,50,35,1,4,0.05,2.0823
1730,-59.05,1.54,0.02,0.0,98.4,55,41,1,0,0.05,0.9793
1731,233.15,1.18,0.34,0.87,117.6,63,49,2,2,0.05,1.5849
1732,-18.7,1.88,0.0,0.0,127.2,67,53,0,0,0.05,0.8501
1733,124.05,1.7,0.0,0.02,103.2,53,43,0,1,0.05,0.8799
1734,275.5,1.2,0.37,0.07,98.4,56,41,3,1,0.05,1.1632
1735,287.7,1.45,0.02,0.02,110.4,59,46,1,1,0.05,1.114
1736,-70.8,1.61,0.0,1.63,120.0,67,50,0,1,0.05,1.0933
1737,263.4,1.07,0.5,0.0,103.2,55,43,6,0,0.05,1.4205
1738,137.5,1.12,0.38,0.02,100.8,55,42,1,1,0.05,1.2328
1739,106.1,1.52,0.78,0.43,100.8,53,42,2,1,0.05,1.3021
1740,327.6,1.89,0.0,0.02,115.2,65,48,0,2,0.05,1.2262
1741,-30.0,1.51,0.88,0.0,105.6,55,44,1,0,0.05,0.9426
1742,271.8,1.28,0.02,0.1,100.8,51,42,1,1,0.05,1.1652
1743,152.9,1.17,0.15,0.0,110.4,60,46,2,0,0.05,1.0164
1744,111.15,1.89,0.0,0.02,115.2,62,48,0,1,0.05,1.1363
1745,-56.25,1.46,0.0,0.0,100.8,57,42,0,0,0.05,0.8352
1746,412.95,1.28,0.0,0.02,93.6,47,39,0,3,0.05,1.3973
1747,16.95,1.32,0.0,0.0,108.0,56,45,0,0,0.05,0.8247
1748,-255.6,2.11,1.38,1.32,112.8,58,47,1,2,0.05,1.4688
1749,173.3,1.09,0.2,0.0,110.4,56,46,3,0,0.05,1.0427
1750,226.55,1.03,0.02,0.02,100.8,53,42,1,1,0.05,1.142
1751,-122.5,1.35,0.0,0.0,110.4,60,46,0,0,0.05,0.862
1752,120.2,1.55,1.25,0.02,105.6,63,44,2,2,0.05,1.4273
1753,88.65,1.98,0.3,0.02,93.6,50,39,1,1,0.05,1.1971
1754,-200.05,1.15,1.43,0.0,91.2,52,38,2,0,0.05,1.0081
1755,-367.4,1.25,0.02,1.6,110.4,57,46,1,1,0.05,1.3249
1756,215.4,1.41,0.02,0.0,117.6,67,49,2,0,0.05,0.8885
1757,-102.25,1.59,0.0,0.9,91.2,48,38,0,3,0.05,1.5201
1758,760.85,1.74,0.02,0.25,100.8,55,42,3,4,0.05,1.9471
1759,-213.15,1.54,0.0,1.43,103.2,58,43,0,2,0.05,1.5541
1760,-96.6,2.33,0.0,0.73,112.8,65,47,0,2,0.05,1.4631
1761,175.65,1.56,0.02,0.0,100.8,52,42,3,0,0.05,1.0696
1762,-146.35,1.56,0.0,0.0,96.0,52,40,0,0,0.05,0.8324
1763,5.9,1.57,0.02,0.0,105.6,58,44,1,0,0.05,0.9284
1764,174.4,1.75,0.02,0.02,112.8,65,47,4,2,0.05,1.8707
1765,210.05,1.29,0.0,0.12,103.2,55,43,0,1,0.05,1.0964
1766,-63.05,1.4,0.02,0.0,93.6,52,39,1,0,0.05,0.9705
1767,246.35,1.77,0.02,0.02,100.8,57,42,2,1,0.05,1.2963
1768,-809.3,1.57,0.0,2.8,115.2,63,48,0,2,0.05,1.5846
1769,-53.3,1.67,0.0,0.0,105.6,55,44,0,0,0.05,0.8613
1770,-121.35,1.6,0.82,0.92,91.2,53,38,2,2,0.05,1.5003
1771,-28.75,1.21,0.02,1.35,108.0,60,45,1,1,0.05,1.1403
1772,-67.55,1.68,1.32,0.0,117.6,65,49,1,0,0.05,1.0306
1773,-19.85,1.07,1.07,0.0,110.4,61,46,5,0,0.05,1.3683
1774,131.9,0.97,0.02,0.02,91.2,50,38,1,1,0.05,1.109
1775,226.2,1.41,0.0,0.02,120.0,63,50,0,1,0.05,0.9634
1776,-506.75,1.8,0.77,1.7,117.6,65,49,1,3,0.05,1.9635
1777,-120.65,1.7,0.0,0.0,93.6,52,39,0,0,0.05,0.7388
1778,-53.45,1.53,0.0,0.0,96.0,51,40,0,0,0.05,0.8904
1779,-208.1,1.65,0.0,1.34,115.2,64,48,0,3,0.05,1.6099
1780,-107.7,1.68,1.5,0.0,110.4,63,46,2,0,0.05,1.1374
1781,-90.35,1.69,0.0,0.0,100.8,53,42,0,0,0.05,0.7353
1782,249.8,0.95,0.07,0.0,100.8,53,42,4,0,0.05,1.1382
1783,-48.6,1.42,0.0,0.0,108.0,58,45,0,0,0.05,0.8127
1784,-13.75,1.81,0.0,0.0,122.4,64,51,0,0,0.05,0.9036
1785,-53.8,1.44,0.0,0.13,93.6,53,39,0,1,0.05,0.9342
1786,-105.0,1.3,0.02,1.8,96.0,50,40,1,1,0.05,1.2229
1787,-72.5,1.47,2.25,0.78,105.6,57,44,1,2,0.05,1.4372
1788,-269.95,1.92,1.4,1.19,120.0,64,50,1,4,0.05,2.1789
1789,-135.9,1.89,0.0,0.0,88.8,50,37,0,0,0.05,0.8389
1790,-90.3,1.35,0.0,0.0,98.4,52,41,0,0,0.05,0.9261
1791,-16.75,1.19,1.13,0.57,103.2,59,43,7,3,0.05,2.398
1792,-206.95,2.26,0.0,0.0,115.2,64,48,0,0,0.05,0.9591
1793,-158.5,1.57,0.0,0.0,93.6,48,39,0,0,0.05,0.7315
1794,71.0,1.07,0.32,0.02,105.6,58,44,3,1,0.05,1.3285
1795,117.4,1.45,0.0,0.02,98.4,57,41,0,1,0.05,0.9279
1796,235.9,1.33,0.13,0.0,122.4,67,51,3,0,0.05,1.1995
1797,-149.95,1.08,3.13,0.39,93.6,51,39,1,2,0.05,1.37
1798,-31.5,1.99,0.0,0.02,91.2,51,38,0,1,0.05,0.9453
1799,-249.75,1.29,0.48,2.42,105.6,57,44,1,1,0.05,1.2196
1800,326.55,1.62,0.02,0.12,115.2,64,48,2,2,0.05,1.5055
1801,-381.45,2.51,0.0,1.58,88.8,51,37,0,1,0.05,1.1872
1802,67.75,1.12,0.02,0.0,105.6,55,44,1,0,0.05,0.9517
1803,449.1,1.42,0.0,0.27,105.6,58,44,0,3,0.05,1.3226
1804,-296.1,1.97,0.02,0.0,120.0,66,50,1,0,0.05,1.1285
1805,-50.95,1.52,0.0,0.0,100.8,50,42,0,0,0.05,0.8713
1806,-109.8,1.35,1.62,0.42,91.2,48,38,2,2,0.05,1.734
1807,-82.15,1.52,0.0,1.17,108.0,58,45,0,1,0.05,1.1458
1808,10.65,1.81,0.0,0.0,122.4,67,51,0,0,0.05,0.851
1809,7.2,1.73,0.02,0.0,96.0,50,40,1,0,0.05,0.8279
1810,29.8,1.12,0.0,0.0,105.6,55,44,0,0,0.05,0.7406
1811,43.2,1.29,0.0,0.0,110.4,57,46,0,0,0.05,0.7422
1812,-717.7,1.85,2.39,0.6,110.4,60,46,5,1,0.05,1.9554
1813,-25.25,1.26,0.0,0.0,98.4,54,41,0,0,0.05,0.7079
1814,75.35,1.1,0.02,0.0,105.6,58,44,1,0,0.05,0.7575
1815,197.7,1.45,1.12,0.02,112.8,60,47,2,1,0.05,1.1865
1816,206.4,1.43,0.02,0.0,120.0,68,50,2,0,0.05,1.0025
1817,151.05,1.39,0.0,0.02,98.4,51,41,0,1,0.05,0.945
1818,-134.4,1.35,0.73,1.22,112.8,61,47,1,4,0.05,2.0852
1819,60.65,1.52,0.02,0.0,103.2,62,43,1,0,0.05,0.8824
1820,-15.95,2.04,0.0,0.0,122.4,65,51,0,0,0.05,0.765
1821,-16.45,1.16,0.93,0.0,98.4,57,41,1,0,0.05,0.8418
1822,408.75,1.28,1.02,0.02,105.6,56,44,1,2,0.05,1.3098
1823,-285.8,1.26,2.55,0.0,108.0,61,45,2,0,0.05,1.1842
1824,856.1,1.76,0.02,0.12,120.0,66,50,2,4,0.05,1.7714
1825,32.2,1.66,0.02,0.0,110.4,54,46,1,0,0.05,0.9743
1826,128.8,1.46,0.0,0.02,91.2,51,38,0,1,0.05,0.9087
1827,41.05,1.29,1.92,0.02,100.8,57,42,2,1,0.05,1.1847
1828,-234.2,1.42,0.0,0.0,117.6,66,49,0,0,0.05,1.0564
1829,253.0,1.09,0.37,0.67,108.0,55,45,3,1,0.05,1.4395
1830,296.85,1.01,0.18,0.0,100.8,59,42,3,0,0.05,1.1507
1831,179.25,1.72,0.0,0.02,110.4,60,46,0,1,0.05,1.0273
1832,-106.05,1.88,0.0,0.97,120.0,66,50,0,1,0.05,1.227
1833,-52.4,1.3,0.0,0.0,93.6,52,39,0,0,0.05,0.6446
1834,-92.0,1.88,1.17,0.0,112.8,58,47,2,0,0.05,1.1489
1835,75.6,1.05,0.0,0.0,115.2,61,48,0,0,0.05,0.7626
1836,-451.0,2.21,0.42,2.05,110.4,61,46,3,1,0.05,1.6286
1837,75.45,1.39,0.02,0.83,103.2,55,43,1,1,0.05,1.2488
1838,-40.35,1.33,0.0,0.0,103.2,54,43,0,0,0.05,0.7585
1839,485.45,1.2,0.02,0.11,105.6,58,44,4,2,0.05,1.5609
1840,-205.9,1.83,1.17,0.0,112.8,65,47,1,0,0.05,1.0155
1841,198.7,1.07,0.31,0.0,110.4,57,46,3,0,0.05,1.0443
1842,-566.6,1.77,2.98,0.0,81.6,48,34,2,0,0.05,1.1975
1843,-112.15,1.48,1.77,0.0,110.4,58,46,1,0,0.05,0.925
1844,151.95,1.54,0.0,0.08,115.2,62,48,0,1,0.05,1.0519
1845,-860.35,1.96,3.06,2.57,91.2,50,38,2,1,0.05,1.5525
1846,-35.95,1.28,0.0,0.0,103.2,56,43,0,0,0.05,0.8493
1847,243.75,1.59,0.9,0.02,105.6,54,44,1,2,0.05,1.4642
1848,-436.9,1.94,0.36,1.53,105.6,58,44,2,3,0.05,1.9137
1849,-90.45,1.74,0.02,0.0,81.6,49,34,1,0,0.05,0.842
1850,-288.0,1.61,2.93,0.0,96.0,56,40,1,0,0.05,0.9455
1851,-674.8,1.24,0.91,0.0,110.4,58,46,2,0,0.05,1.3836
1852,60.65,2.08,0.0,0.02,112.8,63,47,0,1,0.05,0.9813
1853,-54.95,1.3,0.0,0.0,96.0,50,40,0,0,0.05,0.8668
1854,-1622.05,0.82,0.77,2.12,96.0,53,40,3,2,0.05,2.3729
1855,109.2,1.85,0.0,0.02,100.8,55,42,0,1,0.05,0.9443
1856,-29.7,1.89,0.0,0.0,117.6,65,49,0,0,0.05,0.8056
1857,-214.75,1.63,0.47,1.73,100.8,53,42,1,1,0.05,1.0604
1858,-26.8,1.38,0.02,0.0,98.4,51,41,1,0,0.05,0.7811
1859,98.35,1.23,0.0,0.25,108.0,58,45,0,1,0.05,1.0055
1860,-926.8,2.12,2.19,1.36,110.4,60,46,3,3,0.05,2.35
1861,11.65,1.47,0.02,0.0,98.4,52,41,1,0,0.05,0.7989
1862,239.05,0.85,0.0,0.02,108.0,55,45,0,1,0.05,1.0031
1863,503.85,1.48,0.02,0.52,110.4,63,46,2,4,0.05,1.8957
1864,42.7,1.7,0.02,0.0,120.0,66,50,1,0,0.05,1.0512
1865,-92.75,1.78,0.0,0.0,98.4,52,41,0,0,0.05,0.7487
1866,173.5,1.77,0.02,0.08,98.4,53,41,1,2,0.05,1.4314
1867,170.05,1.69,0.0,0.1,108.0,57,45,0,1,0.05,0.9414
1868,-4.15,1.55,0.0,0.0,122.4,65,51,0,0,0.05,0.8773
1869,-215.1,1.77,1.0,0.0,88.8,49,37,4,0,0.05,1.2055
1870,265.45,1.35,0.02,0.0,105.6,54,44,3,0,0.05,1.0929
1871,61.8,1.77,0.61,0.98,105.6,59,44,2,1,0.05,1.3008
1872,-184.5,1.86,2.05,0.69,112.8,65,47,2,2,0.05,1.804
1873,-55.25,1.3,0.0,0.0,88.8,49,37,0,0,0.05,0.6438
1874,101.45,1.26,0.0,0.02,88.8,49,37,0,1,0.05,0.9562
1875,206.55,1.71,0.02,0.02,105.6,60,44,1,1,0.05,1.1354
1876,62.3,1.87,0.02,0.0,115.2,65,48,1,0,0.05,0.9277
1877,359.85,1.09,0.02,0.02,112.8,62,47,1,1,0.05,1.0644
1878,87.5,0.86,0.02,0.0,91.2,51,38,2,0,0.05,0.9611
1879,356.4,1.1,0.02,0.02,108.0,55,45,1,1,0.05,1.1276
1880,-47.65,2.01,0.0,0.0,112.8,64,47,0,0,0.05,0.7864
1881,116.95,1.03,0.57,0.9,103.2,58,43,4,1,0.05,1.6206
1882,-18.5,1.7,0.02,0.0,103.2,56,43,1,0,0.05,1.0451
1883,66.35,1.16,0.0,0.0,115.2,59,48,0,0,0.05,0.7219
1884,-2226.95,2.14,0.0,4.15,98.4,56,41,0,3,0.05,2.2785
1885,87.6,1.26,0.02,0.0,88.8,50,37,2,0,0.05,0.8683
1886,219.85,0.63,0.0,0.02,96.0,51,40,0,1,0.05,0.9338
1887,-515.75,1.87,1.22,2.42,98.4,54,41,4,1,0.05,1.6331
1888,-166.3,1.76,1.39,0.0,110.4,62,46,3,0,0.05,1.2109
1889,-78.0,1.34,0.0,0.0,96.0,55,40,0,0,0.05,0.7353
1890,-315.7,1.67,0.02,2.5,96.0,52,40,2,1,0.05,1.297
1891,121.85,1.18,0.02,0.0,110.4,59,46,1,0,0.05,0.7969
1892,-115.25,2.11,0.0,0.0,112.8,60,47,0,0,0.05,0.7769
1893,500.25,1.36,0.02,0.06,98.4,53,41,1,3,0.05,1.3125
1894,-119.85,1.19,0.0,0.0,93.6,50,39,0,0,0.05,0.8868
1895,9.85,1.14,0.02,1.12,98.4,56,41,1,1,0.05,1.2417
1896,-568.0,1.86,1.68,1.83,110.4,61,46,2,2,0.05,1.7143
1897,-87.9,1.59,0.0,0.0,93.6,50,39,0,0,0.05,0.7705
1898,-89.7,1.62,0.93,0.0,96.0,51,40,3,0,0.05,1.2568
1899,-611.6,1.87,2.72,0.66,105.6,57,44,4,3,0.05,2.2246
1900,-76.4,2.16,0.0,0.0,115.2,64,48,0,0,0.05,1.049
1901,-91.45,1.4,0.0,0.0,98.4,57,41,0,0,0.05,0.666
1902,98.75,1.19,0.0,0.02,98.4,52,41,0,1,0.05,0.9879
1903,205.8,0.87,0.0,0.02,108.0,60,45,0,1,0.05,1.0049
1904,249.7,1.87,0.48,0.02,117.6,64,49,2,1,0.05,1.2949
1905,382.65,1.66,0.02,0.02,79.2,43,33,1,3,0.05,1.3248
1906,-527.6,1.35,0.0,0.0,100.8,54,42,0,0,0.05,1.0596
1907,368.0,0.99,0.02,0.02,110.4,59,46,1,1,0.05,0.9949
1908,329.7,1.95,0.94,0.02,112.8,63,47,7,2,0.05,1.9681
1909,235.65,1.31,0.0,0.02,115.2,61,48,0,1,0.05,1.0531
1910,113.9,0.63,1.23,0.02,96.0,54,40,2,1,0.05,1.2485
1911,-354.85,1.89,1.62,1.18,93.6,53,39,3,1,0.05,1.4203
1912,260.6,1.83,0.02,0.02,124.8,69,52,1,1,0.05,1.2403
1913,5.2,1.49,0.0,0.0,112.8,57,47,0,0,0.05,0.8104
1914,-98.9,1.98,0.0,0.93,103.2,56,43,0,2,0.05,1.2821
1915,40.7,1.35,0.0,0.0,112.8,64,47,0,0,0.05,0.9833
1916,56.8,1.81,0.02,0.0,122.4,66,51,1,0,0.05,0.963
1917,-52.7,1.56,0.0,0.0,105.6,58,44,0,0,0.05,0.7162
1918,-83.1,1.47,0.0,0.0,112.8,60,47,0,0,0.05,0.8327
1919,23.55,1.71,0.02,0.02,98.4,57,41,1,1,0.05,1.1541
1920,-556.7,1.89,2.97,1.45,108.0,63,45,2,1,0.05,1.6172
1921,11.65,1.05,0.78,0.0,108.0,55,45,2,0,0.05,0.9069
1922,-197.9,1.3,0.0,0.0,100.8,53,42,0,0,0.05,0.9874
1923,-312.3,1.59,1.27,1.46,103.2,57,43,4,2,0.05,2.0528
1924,-451.1,1.95,0.0,1.98,112.8,62,47,0,2,0.05,1.6554
1925,-15.75,1.54,0.0,0.0,103.2,53,43,0,0,0.05,0.747
1926,-367.2,0.95,2.09,0.02,93.6,55,39,2,2,0.05,1.6204
1927,120.35,1.3,0.02,0.0,120.0,64,50,1,0,0.05,0.8972
1928,-143.85,1.32,2.35,0.0,120.0,63,50,1,0,0.05,0.9273
1929,18.05,2.12,0.02,0.02,88.8,47,37,1,1,0.05,1.089
1930,39.85,1.45,0.02,0.0,105.6,55,44,1,0,0.05,0.9633
1931,93.9,1.92,0.0,0.02,98.4,57,41,0,1,0.05,0.9584
1932,358.6,1.52,0.0,0.02,117.6,66,49,0,2,0.05,1.2033
1933,1.9,1.38,0.0,0.0,105.6,58,44,0,0,0.05,0.6996
1934,-19.7,1.36,0.02,0.0,96.0,50,40,1,0,0.05,0.8678
1935,-182.8,1.57,0.55,0.0,100.8,57,42,3,0,0.05,1.2103
1936,33.95,1.43,1.45,0.0,122.4,65,51,1,0,0.05,0.8711
1937,-2.75,1.32,0.0,0.0,108.0,55,45,0,0,0.05,0.7305
1938,-1123.05,1.01,1.71,0.58,93.6,51,39,3,3,0.05,2.5555
1939,49.7,1.37,0.0,0.58,103.2,58,43,0,2,0.05,1.1984
1940,-156.85,1.85,1.49,0.0,108.0,63,45,2,0,0.05,1.0039
1941,-559.3,1.48,0.0,1.09,105.6,58,44,0,2,0.05,1.326
1942,184.2,1.09,0.02,0.43,98.4,54,41,1,1,0.05,1.0269
1943,410.2,1.74,0.0,0.05,108.0,58,45,0,3,0.05,1.3639
1944,61.7,1.98,0.42,0.0,120.0,64,50,2,0,0.05,1.0919
1945,185.95,1.27,0.02,0.0,105.6,59,44,2,0,0.05,0.9043
1946,314.7,1.18,0.02,0.02,88.8,52,37,2,1,0.05,1.1724
1947,-1726.2,2.51,0.0,1.52,91.2,54,38,0,4,0.05,2.24
1948,-41.85,2.21,2.38,0.53,112.8,64,47,1,2,0.05,1.3891
1949,414.35,1.13,0.04,0.02,108.0,58,45,2,1,0.05,1.2336
1950,15.55,1.5,0.02,0.0,96.0,54,40,1,0,0.05,1.0217
1951,97.9,0.81,0.0,0.0,110.4,59,46,0,0,0.05,0.7203
1952,-0.5,1.87,0.86,0.0,117.6,63,49,2,0,0.05,1.1101
1953,-318.35,1.56,0.02,2.83,84.0,47,35,2,1,0.05,1.3167
1954,-86.15,1.22,0.0,0.0,98.4,52,41,0,0,0.05,0.7517
1955,71.2,0.9,0.02,0.0,96.0,54,40,1,0,0.05,0.8109
1956,-1338.45,1.68,2.73,2.22,110.4,61,46,1,2,0.05,2.1226
1957,-344.9,2.06,0.0,0.0,79.2,44,33,0,0,0.05,0.6769
1958,-85.2,1.46,0.0,0.0,103.2,55,43,0,0,0.05,0.7283
1959,192.25,1.56,0.53,0.02,120.0,62,50,1,1,0.05,1.0475
1960,-47.95,1.67,1.04,0.0,117.6,63,49,3,0,0.05,1.2514
1961,346.65,0.93,0.23,0.02,117.6,61,49,2,1,0.05,1.0384
1962,-295.0,1.08,0.0,0.0,105.6,55,44,0,0,0.05,0.8928
1963,102.1,1.54,0.02,0.0,112.8,60,47,1,0,0.05,0.8984
1964,-30.1,1.43,0.29,0.0,117.6,64,49,2,0,0.05,1.174
1965,722.95,0.97,0.02,0.02,112.8,59,47,3,2,0.05,1.4241
1966,66.6,0.88,0.0,0.0,103.2,53,43,0,0,0.05,0.8743
1967,-71.85,1.99,0.0,0.0,110.4,60,46,0,0,0.05,0.8675
1968,207.45,1.59,3.08,0.02,108.0,62,45,1,3,0.05,1.6239
1969,22.95,1.53,0.02,0.0,100.8,57,42,1,0,0.05,1.0133
1970,-138.15,1.23,1.62,0.0,91.2,53,38,1,0,0.05,0.8184
1971,-55.5,1.57,0.42,0.0,110.4,61,46,5,0,0.05,1.6255
1972,121.35,2.01,1.12,0.02,120.0,67,50,1,1,0.05,1.1755
1973,62.1,1.71,0.95,0.02,98.4,53,41,1,1,0.05,1.1013
1974,-849.65,2.17,1.04,1.94,91.2,47,38,2,3,0.05,2.0544
1975,27.75,1.38,1.52,0.0,115.2,61,48,1,0,0.05,1.1206
1976,130.35,1.67,0.02,0.0,112.8,63,47,2,0,0.05,1.0
1977,371.4,1.82,0.02,0.02,96.0,53,40,3,1,0.05,1.1972
1978,-65.5,1.32,0.0,0.0,98.4,52,41,0,0,0.05,0.817
1979,16.0,1.4,0.0,0.0,110.4,55,46,0,0,0.05,0.7707
1980,-885.05,1.96,1.37,1.23,96.0,58,40,3,2,0.05,1.8477
1981,-158.75,1.64,0.0,0.0,96.0,55,40,0,0,0.05,0.7003
1982,-37.5,1.1,0.0,0.0,105.6,55,44,0,0,0.05,0.7584
1983,50.0,2.23,0.02,0.77,103.2,57,43,1,3,0.05,1.7029
1984,103.55,1.75,0.15,0.0,112.8,64,47,2,0,0.05,1.1175
1985,-220.5,1.97,0.0,0.02,98.4,54,41,0,1,0.05,1.1155
1986,526.5,1.21,0.55,0.02,110.4,58,46,4,2,0.05,1.555
1987,-571.05,1.62,3.17,2.53,108.0,59,45,1,1,0.05,1.2897
1988,85.85,1.64,0.02,0.0,122.4,66,51,1,0,0.05,0.93
1989,-370.15,0.89,1.18,1.68,91.2,50,38,4,1,0.05,1.5839
1990,-12.65,0.96,0.0,0.0,103.2,52,43,0,0,0.05,0.9239
1991,20.15,1.56,0.02,0.0,98.4,56,41,1,0,0.05,0.8572
1992,-989.7,1.75,2.37,1.24,108.0,62,45,3,2,0.05,1.9405
1993,197.0,1.43,0.02,0.02,100.8,52,42,1,1,0.05,1.0404
1994,9.5,1.2,0.0,0.0,96.0,55,40,0,0,0.05,0.7131
1995,311.85,1.25,0.02,1.19,110.4,61,46,4,2,0.05,1.5918
1996,28.5,1.93,0.02,0.0,117.6,61,49,1,0,0.05,1.0323
1997,-107.25,1.88,0.0,0.0,93.6,53,39,0,0,0.05,0.7616
1998,-23.55,1.32,1.56,0.38,103.2,56,43,2,1,0.05,1.2169
1999,122.05,1.29,1.12,0.02,105.6,57,44,1,1,0.05,1.0232
2000,-499.65,2.37,3.08,0.0,117.6,63,49,2,0,0.05,1.3087
2001,-150.0,1.7,0.0,0.87,86.4,48,36,0,1,0.05,1.0663
2002,127.1,1.22,0.02,0.0,110.4,58,46,1,0,0.05,0.9634
2003,37.0,1.17,0.0,0.0,117.6,61,49,0,0,0.05,0.7478
2004,114.35,1.55,1.01,0.76,108.0,62,45,2,4,0.05,1.9724
2005,-182.5,1.45,1.85,0.0,105.6,56,44,1,0,0.05,0.9332
2006,-61.7,1.13,0.0,0.0,93.6,51,39,0,0,0.05,0.6713
2007,-213.1,1.51,1.64,0.62,108.0,59,45,3,1,0.05,1.627
2008,-508.25,1.69,1.21,0.0,103.2,60,43,6,0,0.05,1.7834
2009,-50.6,1.51,0.67,0.0,98.4,52,41,1,0,0.05,0.8103
2010,-655.4,1.92,2.72,0.97,93.6,54,39,3,4,0.05,2.1631
2011,275.1,1.24,0.0,0.02,112.8,60,47,0,1,0.05,1.0172
2012,208.7,1.82,0.02,0.02,115.2,63,48,1,1,0.05,1.1193
2013,158.7,1.44,0.57,0.15,96.0,54,40,1,1,0.05,0.9924
2014,-59.4,1.37,0.0,0.0,108.0,57,45,0,0,0.05,0.8272
2015,77.4,1.23,0.88,0.0,115.2,63,48,1,0,0.05,0.9324
2016,-546.5,2.13,2.2,0.0,112.8,64,47,4,0,0.05,1.558
2017,-208.5,1.75,0.0,0.0,88.8,49,37,0,0,0.05,0.66
2018,-58.35,1.63,0.0,0.0,105.6,57,44,0,0,0.05,0.8068
2019,352.85,1.13,0.0,0.07,103.2,56,43,0,2,0.05,1.0595
2020,-834.5,2.08,1.81,2.27,110.4,63,46,2,2,0.05,1.8911
2021,39.95,1.43,0.0,0.0,115.2,59,48,0,0,0.05,0.9016
2022,285.0,1.04,0.45,0.0,112.8,57,47,4,0,0.05,1.1898
2023,149.4,1.18,0.02,0.0,103.2,57,43,1,0,0.05,0.9129
2024,68.35,2.13,0.0,0.32,112.8,62,47,0,1,0.05,0.9775
2025,-31.1,2.37,0.02,0.3,88.8,52,37,1,1,0.05,1.1114
2026,95.9,1.44,0.02,0.0,108.0,56,45,1,0,0.05,0.8164
2027,273.9,1.31,0.02,0.02,105.6,58,44,1,1,0.05,1.1737
2028,-122.85,1.55,0.02,0.0,110.4,64,46,1,0,0.05,0.9016
2029,-99.85,1.67,0.0,0.0,98.4,53,41,0,0,0.05,0.7109
2030,23.8,1.3,0.02,0.0,100.8,54,42,1,0,0.05,0.7931
2031,-333.0,1.35,0.92,0.39,100.8,56,42,3,3,0.05,2.1314
2032,-39.2,1.81,0.0,0.0,124.8,66,52,0,0,0.05,0.8511
2033,-184.55,1.93,0.0,0.0,93.6,50,39,0,0,0.05,0.7524
2034,503.05,1.17,0.96,0.02,100.8,55,42,2,3,0.05,1.4652
2035,236.05,1.32,0.0,0.02,110.4,61,46,0,1,0.05,0.955
2036,-252.55,1.71,2.88,0.02,108.0,62,45,2,1,0.05,1.3761
2037,594.1,1.3,0.02,0.08,98.4,53,41,2,3,0.05,1.4553
2038,-257.3,1.54,2.9,0.0,105.6,59,44,1,0,0.05,0.998
2039,-3.65,1.34,1.22,0.0,108.0,57,45,1,0,0.05,0.8776
2040,-44.8,1.83,1.0,0.0,122.4,66,51,2,0,0.05,1.1507
2041,21.95,1.7,0.21,0.0,93.6,53,39,2,0,0.05,0.9714
2042,208.0,1.23,0.0,0.73,108.0,59,45,0,3,0.05,1.4793
2043,-408.1,1.54,1.44,0.0,108.0,60,45,4,0,0.05,1.3502
2044,1.1,1.85,0.0,0.9,112.8,64,47,0,1,0.05,1.0344
2045,-25.5,1.66,0.0,0.0,108.0,56,45,0,0,0.05,0.7385
2046,-240.6,1.78,1.54,0.0,88.8,48,37,2,0,0.05,0.9837
2047,-38.75,1.6,0.7,0.0,108.0,60,45,1,0,0.05,0.8277
2048,-177.95,1.78,1.32,0.0,115.2,62,48,1,0,0.05,0.9326
2049,-100.15,1.96,1.13,1.0,98.4,56,41,2,1,0.05,1.1934
2050,-155.75,1.37,0.0,0.0,88.8,47,37,0,0,0.05,0.703
2051,300.6,1.47,0.72,0.02,110.4,58,46,1,1,0.05,1.0952
2052,-812.55,2.28,0.15,1.23,103.2,59,43,3,3,0.05,2.0772
2053,-101.5,1.46,0.0,0.0,93.6,48,39,0,0,0.05,0.7697
2054,239.95,1.12,0.0,0.02,108.0,56,45,0,1,0.05,1.0911
2055,-75.05,1.61,1.39,0.02,115.2,62,48,4,1,0.05,1.6348
2056,-71.5,1.96,0.0,0.0,115.2,64,48,0,0,0.05,0.836
2057,-57.15,1.63,0.0,0.0,100.8,53,42,0,0,0.05,0.7618
2058,-886.5,1.49,2.73,1.44,93.6,52,39,1,5,0.05,2.3951
2059,137.55,1.34,0.02,0.0,110.4,59,46,1,0,0.05,0.8404
2060,15.65,1.71,0.68,0.0,112.8,63,47,2,0,0.05,0.9711
2061,-453.55,1.25,0.42,0.0,88.8,54,37,3,0,0.05,1.2348
2062,106.85,1.29,0.0,0.02,100.8,54,42,0,1,0.05,0.943
2063,56.55,2.34,0.0,0.04,96.0,53,40,0,2,0.05,1.424
2064,-298.45,2.72,0.19,0.38,103.2,60,43,2,4,0.05,2.1953
2065,119.7,1.78,0.0,0.02,103.2,55,43,0,1,0.05,0.9309
2066,-12.7,1.16,0.0,0.0,98.4,54,41,0,0,0.05,0.8685
2067,59.05,1.49,0.82,0.67,96.0,54,40,2,3,0.05,1.7031
2068,-115.7,1.85,0.0,1.15,117.6,65,49,0,1,0.05,1.0999
2069,-115.65,1.66,0.0,0.0,91.2,51,38,0,0,0.05,0.7862
2070,-993.85,1.84,0.0,2.41,98.4,54,41,0,3,0.05,2.073
2071,373.3,1.22,0.0,0.02,103.2,59,43,0,2,0.05,1.1795
2072,85.25,1.97,1.57,0.02,112.8,64,47,1,1,0.05,1.2325
2073,74.15,1.34,0.02,0.0,100.8,54,42,1,0,0.05,0.8072
2074,-31.4,1.38,0.0,0.0,108.0,56,45,0,0,0.05,0.9075
2075,334.2,1.3,0.5,0.55,110.4,60,46,2,2,0.05,1.3867
2076,844.45,1.36,0.22,0.02,120.0,64,50,1,4,0.05,1.7762
2077,-34.15,1.27,1.17,0.0,108.0,60,45,1,0,0.05,0.9229
2078,170.15,1.19,0.0,0.02,103.2,54,43,0,1,0.05,1.1112
2079,252.35,1.58,0.65,0.02,117.6,62,49,1,1,0.05,1.2053
2080,-612.5,1.95,1.16,0.0,110.4,62,46,2,0,0.05,1.3985
2081,-145.9,1.48,0.0,0.8,98.4,53,41,0,1,0.05,0.9728
2082,-301.6,1.46,0.0,1.97,98.4,54,41,0,1,0.05,1.2378
2083,41.4,1.34,0.0,0.0,115.2,61,48,0,0,0.05,0.898
2084,-329.5,1.88,0.02,0.0,120.0,68,50,1,0,0.05,1.4069
2085,134.1,1.52,1.02,0.02,100.8,56,42,1,1,0.05,0.9622
2086,38.35,1.19,0.02,0.0,100.8,54,42,1,0,0.05,0.8659
2087,227.05,1.14,0.02,0.0,108.0,62,45,2,0,0.05,0.9301
2088,-162.15,2.12,1.84,0.78,115.2,62,48,2,2,0.05,1.5941
2089,-41.85,1.29,1.77,0.0,115.2,59,48,1,0,0.05,1.0471
2090,-137.85,1.08,1.33,0.0,91.2,51,38,1,0,0.05,0.9202
2091,489.7,1.29,0.02,0.3,103.2,57,43,2,2,0.05,1.4988
2092,59.85,1.42,0.0,0.0,122.4,65,51,0,0,0.05,0.8879
2093,-45.55,1.65,0.53,1.07,98.4,53,41,2,2,0.05,1.4733
2094,-513.35,1.37,1.62,1.37,103.2,56,43,5,1,0.05,1.8843
2095,-33.2,1.61,0.0,0.0,110.4,57,46,0,0,0.05,0.854
2096,-371.95,2.06,0.98,0.0,112.8,62,47,1,0,0.05,1.1196
2097,151.65,1.16,0.38,0.0,100.8,54,42,2,0,0.05,0.9377
2098,117.7,1.2,0.02,0.0,98.4,55,41,1,0,0.05,0.8489
2099,311.15,1.48,0.02,0.02,112.8,60,47,1,1,0.05,1.0017
2100,-1009.7,1.81,2.49,1.45,110.4,63,46,4,4,0.05,2.6298
2101,89.15,1.69,0.0,0.02,100.8,53,42,0,1,0.05,1.0051
2102,63.2,0.99,0.0,0.0,112.8,58,47,0,0,0.05,0.7488
2103,-618.15,1.53,1.25,1.92,96.0,55,40,4,2,0.05,1.9434
2104,110.7,1.52,0.2,0.0,117.6,67,49,1,0,0.05,0.8861
2105,-75.4,1.65,0.0,0.0,100.8,49,42,0,0,0.05,0.7178
2106,-153.3,1.07,1.21,0.22,98.4,50,41,3,4,0.05,2.0306
2107,-29.05,1.51,0.0,1.12,108.0,58,45,0,1,0.05,1.0042
2108,272.25,1.71,0.02,0.02,112.8,64,47,1,1,0.05,1.0288
2109,-143.85,1.69,1.18,0.02,88.8,50,37,2,1,0.05,1.2567
2110,-188.45,1.15,0.0,0.0,96.0,53,40,0,0,0.05,0.811
2111,34.1,1.5,0.02,0.87,108.0,59,45,1,2,0.05,1.6557
2112,-204.2,1.61,2.93,0.0,115.2,65,48,1,0,0.05,1.0531
2113,-98.3,1.52,0.0,0.0,96.0,53,40,0,0,0.05,0.7793
2114,82.5,0.96,0.02,0.0,103.2,55,43,1,0,0.05,0.7937
2115,-180.3,2.43,0.36,1.21,98.4,55,41,2,2,0.05,1.6005
2116,-128.9,1.64,2.3,0.88,115.2,66,48,1,1,0.05,1.161
2117,-120.6,1.57,0.0,0.0,100.8,51,42,0,0,0.05,0.6942
2118,413.5,0.96,0.02,0.24,84.0,48,35,2,3,0.05,1.4497
2119,136.3,1.17,0.02,0.0,105.6,58,44,1,0,0.05,0.8822
2120,177.5,1.55,0.02,0.0,117.6,67,49,2,0,0.05,1.0245
2121,-26.5,1.77,0.71,0.0,96.0,53,40,3,0,0.05,1.0181
2122,-247.5,1.52,3.12,0.0,108.0,61,45,1,0,0.05,1.0267
2123,51.75,1.19,0.02,1.07,110.4,60,46,1,1,0.05,1.2516
2124,230.15,1.81,0.05,0.0,120.0,66,50,3,0,0.05,1.0867
2125,-95.75,2.32,0.02,0.0,98.4,53,41,1,0,0.05,0.8937
2126,-144.0,1.19,0.0,1.47,93.6,50,39,0,1,0.05,1.0584
2127,35.35,1.44,0.02,0.0,108.0,59,45,1,0,0.05,0.8142
2128,-37.15,2.01,1.25,0.72,112.8,64,47,1,2,0.05,1.484
2129,74.85,1.77,0.22,0.0,103.2,56,43,2,0,0.05,0.9185
2130,134.1,1.07,0.0,0.03,103.2,60,43,0,1,0.05,0.9802
2131,321.7,1.37,0.65,0.02,120.0,62,50,2,1,0.05,1.2648
2132,176.6,1.76,0.0,0.02,115.2,64,48,0,1,0.05,0.9151
2133,-304.4,1.78,2.63,0.0,88.8,48,37,1,0,0.05,0.9355
2134,175.6,1.22,0.0,0.02,103.2,56,43,0,1,0.05,0.9684
2135,136.15,1.19,0.02,0.0,115.2,60,48,1,0,0.05,0.8377
2136,-144.8,1.94,0.02,0.02,122.4,67,51,1,1,0.05,1.2205
2137,-25.85,1.8,0.0,0.0,105.6,55,44,0,0,0.05,0.821
2138,100.6,1.3,0.0,0.02,96.0,52,40,0,1,0.05,0.9995
2139,420.9,1.49,0.02,0.02,112.8,61,47,1,2,0.05,1.2866
2140,-488.75,1.9,2.88,1.25,110.4,63,46,2,1,0.05,1.5238
2141,-81.35,1.72,0.0,0.0,103.2,55,43,0,0,0.05,0.8236
2142,-291.85,1.65,0.37,2.98,98.4,54,41,3,1,0.05,1.5981
2143,45.2,1.42,0.0,0.0,112.8,61,47,0,0,0.05,0.8142
2144,279.55,1.47,0.02,0.02,120.0,67,50,1,1,0.05,1.1281
2145,-327.9,1.76,1.06,1.32,93.6,53,39,5,2,0.05,1.9217
2146,84.55,1.12,0.14,0.0,98.4,53,41,2,0,0.05,0.8619
2147,32.5,1.43,0.0,0.0,112.8,62,47,0,0,0.05,0.9064
2148,1.6,1.69,0.4,0.0,108.0,62,45,2,0,0.05,0.9499
2149,-61.4,1.52,0.0,0.0,103.2,53,43,0,0,0.05,0.8124
2150,18.2,1.36,1.35,0.02,93.6,53,39,1,1,0.05,1.1561
2151,-698.95,1.64,2.98,1.49,105.6,59,44,1,3,0.05,1.9909
2152,-256.95,1.72,0.0,1.95,115.2,65,48,0,1,0.05,1.1389
2153,-166.1,2.0,0.0,0.0,96.0,52,40,0,0,0.05,0.8521
2154,-20.1,1.26,0.02,0.94,100.8,54,42,1,3,0.05,1.6054
2155,77.4,1.12,0.0,0.0,105.6,55,44,0,0,0.05,0.9516
2156,-13.3,1.89,0.0,0.0,124.8,69,52,0,0,0.05,0.8239
2157,16.7,1.84,0.0,0.02,96.0,54,40,0,1,0.05,0.8997
2158,196.2,1.04,2.85,0.11,91.2,50,38,1,3,0.05,1.5705
2159,69.7,1.25,0.83,0.0,110.4,59,46,2,0,0.05,1.0715
2160,480.85,1.75,0.02,0.14,112.8,64,47,2,2,0.05,1.2667
2161,277.65,1.16,0.0,0.02,98.4,54,41,0,2,0.05,1.0789
2162,-19.8,1.43,0.32,0.0,93.6,50,39,2,0,0.05,0.9692
2163,5.6,1.64,0.02,0.86,103.2,55,43,1,2,0.05,1.7468
2164,41.4,2.0,0.02,0.0,122.4,66,51,1,0,0.05,1.0127
2165,-460.3,2.25,0.0,2.33,91.2,53,38,0,1,0.05,1.197
2166,-21.9,2.2,0.02,0.32,86.4,50,36,1,1,0.05,1.2811
2167,-145.2,1.57,1.29,0.0,108.0,60,45,3,0,0.05,1.2004
2168,351.7,1.86,0.0,0.02,122.4,65,51,0,2,0.05,1.2798
2169,360.0,1.4,0.97,0.02,105.6,58,44,1,2,0.05,1.3135
2170,-110.85,1.79,0.48,0.0,84.0,47,35,2,0,0.05,1.0088
2171,-19.25,1.49,0.0,1.45,120.0,64,50,0,1,0.05,1.0926
2172,186.5,2.28,0.0,0.44,105.6,61,44,0,4,0.05,1.8764
2173,-23.8,1.22,0.0,0.0,103.2,55,43,0,0,0.05,0.8615
2174,-96.75,1.28,0.02,0.0,84.0,50,35,1,0,0.05,0.8289
2175,-280.4,1.3,1.39,2.27,108.0,58,45,2,1,0.05,1.3758
2176,152.55,1.4,1.0,0.02,112.8,64,47,1,1,0.05,1.3108
2177,-199.8,1.73,1.92,0.0,98.4,51,41,1,0,0.05,0.9759
2178,66.65,1.24,0.02,0.88,100.8,55,42,1,1,0.05,1.127
2179,-1.75,1.52,0.0,0.0,103.2,59,43,0,0,0.05,0.8931
2180,10.35,1.97,0.53,0.0,117.6,64,49,1,0,0.05,0.9289
2181,335.9,2.04,0.02,0.02,96.0,52,40,1,2,0.05,1.2845
2182,-162.6,1.49,0.0,0.0,100.8,54,42,0,0,0.05,0.7689
2183,275.5,1.6,0.02,0.02,117.6,63,49,1,1,0.05,1.2154
2184,-337.2,2.29,4.07,0.53,103.2,59,43,1,2,0.05,1.559
2185,-75.15,1.69,0.0,0.0,98.4,49,41,0,0,0.05,0.8005
2186,-26.85,0.97,0.0,0.0,96.0,50,40,0,0,0.05,0.7277
2187,353.25,1.32,0.02,0.02,120.0,66,50,1,1,0.05,1.0822
2188,-71.5,2.12,0.0,0.0,115.2,65,48,0,0,0.05,0.8003
2189,65.05,1.47,0.02,0.0,110.4,54,46,1,0,0.05,0.8944
2190,204.2,1.52,0.97,0.02,110.4,57,46,1,1,0.05,1.0582
2191,-305.4,1.5,1.87,0.0,105.6,60,44,3,0,0.05,1.3235
2192,69.25,2.06,0.24,0.0,108.0,59,45,2,0,0.05,0.9793
2193,352.65,1.47,0.02,0.2,100.8,53,42,1,2,0.05,1.281
2194,-193.65,1.43,2.07,0.0,93.6,52,39,1,0,0.05,0.8411
2195,134.0,1.75,0.0,0.02,108.0,59,45,0,1,0.05,1.0406
2196,-46.4,1.53,0.98,0.86,115.2,62,48,3,2,0.05,1.8086
2197,7.25,1.28,0.58,0.0,96.0,51,40,2,0,0.05,0.9818
2198,-58.1,1.3,0.0,0.0,96.0,49,40,0,0,0.05,0.7328
2199,106.75,1.57,0.44,0.0,108.0,57,45,3,0,0.05,1.0501
2200,-208.25,1.82,1.39,1.4,120.0,65,50,2,1,0.05,1.4366
2201,-53.65,1.27,1.23,0.0,98.4,55,41,1,0,0.05,1.0425
2202,258.4,1.18,0.68,0.02,110.4,57,46,2,1,0.05,1.2562
2203,155.05,1.16,1.52,0.46,100.8,57,42,2,3,0.05,1.8389
2204,-111.05,1.6,0.0,1.05,112.8,65,47,0,1,0.05,1.1003
2205,-97.25,1.76,0.02,1.12,88.8,50,37,1,1,0.05,1.1983
2206,99.3,1.22,0.02,0.0,98.4,53,41,2,0,0.05,0.9818
2207,31.5,1.61,0.0,0.0,120.0,63,50,0,0,0.05,0.7968
2208,168.65,1.85,0.0,0.02,124.8,66,52,0,1,0.05,1.0091
2209,-74.3,1.77,0.0,0.0,103.2,57,43,0,0,0.05,0.7128
2210,91.7,1.15,0.0,0.02,96.0,53,40,0,1,0.05,0.9635
2211,203.35,1.38,0.02,0.63,103.2,57,43,1,2,0.05,1.3978
2212,80.0,1.9,0.97,0.02,115.2,62,48,2,1,0.05,1.4384
2213,-148.95,1.88,0.0,0.0,91.2,50,38,0,0,0.05,0.8955
2214,507.25,1.05,0.12,0.55,100.8,52,42,3,3,0.05,1.7897
2215,242.2,1.26,0.0,0.49,112.8,58,47,0,2,0.05,1.3383
2216,47.45,1.59,0.0,0.0,127.2,66,53,0,0,0.05,0.821
2217,125.35,0.78,0.0,0.29,86.4,50,36,0,2,0.05,1.19
2218,-230.85,1.23,2.32,0.0,91.2,53,38,1,0,0.05,1.0756
2219,112.85,1.2,0.02,0.0,105.6,57,44,1,0,0.05,0.7871
2220,-873.05,1.89,0.93,2.37,108.0,59,45,1,3,0.05,1.9473
2221,-14.35,1.36,0.0,0.0,105.6,54,44,0,0,0.05,0.6797
2222,103.5,1.33,0.02,0.0,108.0,59,45,1,0,0.05,0.8985
2223,278.6,1.64,0.43,0.02,98.4,56,41,3,2,0.05,1.4364
2224,16.9,2.02,0.02,0.0,115.2,65,48,1,0,0.05,0.9471
2225,-96.7,1.63,0.0,0.0,96.0,52,40,0,0,0.05,0.7727
2226,-127.85,1.84,1.49,0.02,96.0,50,40,2,1,0.05,1.3026
2227,281.45,1.32,0.08,0.0,103.2,56,43,3,0,0.05,1.0934
2228,-6.15,1.87,0.0,0.0,124.8,66,52,0,0,0.05,0.7576
2229,92.8,1.38,0.53,0.02,91.2,53,38,1,1,0.05,0.9913
2230,-8.75,1.22,0.0,0.0,110.4,57,46,0,0,0.05,0.8634
2231,84.2,1.56,0.02,0.0,105.6,59,44,1,0,0.05,0.7896
2232,193.95,1.64,0.09,2.05,115.2,63,48,5,1,0.05,1.5146
2233,161.35,1.59,0.0,0.02,110.4,56,46,0,1,0.05,1.106
2234,-139.5,1.38,1.42,0.0,96.0,49,40,1,0,0.05,0.9722
2235,151.65,1.36,0.02,0.0,112.8,61,47,1,0,0.05,0.9386
2236,-39.6,1.92,0.0,0.0,122.4,65,51,0,0,0.05,0.8064
2237,-268.7,1.5,2.43,1.18,98.4,53,41,1,2,0.05,1.4241
2238,64.85,1.29,0.92,0.0,108.0,59,45,4,0,0.05,1.2726
2239,-290.5,2.31,0.0,0.98,100.8,58,42,0,3,0.05,1.7016
2240,58.15,1.86,0.02,0.0,122.4,67,51,1,0,0.05,1.1004
2241,140.4,2.16,0.0,0.02,91.2,51,38,0,2,0.05,1.1454
2242,-53.15,1.07,1.0,0.0,93.6,53,39,1,0,0.05,0.8816
2243,119.9,1.58,0.02,0.0,115.2,62,48,1,0,0.05,0.8623
2244,386.35,1.77,0.02,0.02,120.0,62,50,3,1,0.05,1.2132
2245,-530.3,1.6,1.03,0.0,96.0,52,40,3,0,0.05,1.385
2246,231.55,1.14,0.02,0.0,108.0,60,45,2,0,0.05,1.0121
2247,-416.6,1.52,2.02,0.92,105.6,60,44,3,1,0.05,1.5441
2248,50.55,1.78,0.0,0.02,112.8,62,47,0,1,0.05,1.0086
2249,240.4,1.15,0.27,0.02,96.0,54,40,1,1,0.05,1.0986
2250,-130.2,1.55,0.02,1.72,98.4,56,41,1,1,0.05,1.2453
2251,-165.6,1.12,3.07,0.0,108.0,63,45,1,0,0.05,0.9886
2252,108.25,1.79,0.02,0.0,120.0,65,50,1,0,0.05,0.8871
2253,90.25,1.04,0.63,0.75,98.4,51,41,2,1,0.05,1.2275
2254,-31.6,1.2,0.0,0.0,105.6,57,44,0,0,0.05,0.7101
2255,89.6,1.0,1.28,0.0,108.0,60,45,1,0,0.05,0.9213
2256,-289.3,1.93,2.09,0.83,110.4,62,46,2,3,0.05,1.9669
2257,-74.3,1.74,0.0,0.0,105.6,52,44,0,0,0.05,0.8181
2258,84.55,1.13,0.0,0.62,96.0,50,40,0,1,0.05,0.9421
2259,-196.65,0.91,0.29,0.86,105.6,60,44,2,3,0.05,1.8055
2260,104.55,1.78,0.93,0.02,117.6,65,49,1,1,0.05,1.1902
2261,244.45,1.3,0.0,0.02,108.0,57,45,0,1,0.05,0.9954
2262,204.85,0.98,0.0,0.02,98.4,53,41,0,1,0.05,0.8973
2263,86.65,1.21,0.69,0.0,110.4,57,46,2,0,0.05,1.0381
2264,-39.0,1.97,0.0,0.0,122.4,66,51,0,0,0.05,0.8492
2265,285.2,1.27,0.02,0.0,108.0,57,45,3,0,0.05,0.9607
2266,156.1,1.48,0.63,0.02,93.6,49,39,3,1,0.05,1.221
2267,-75.3,1.28,0.2,1.53,110.4,62,46,1,1,0.05,1.269
2268,-310.7,1.76,0.86,1.76,115.2,63,48,4,2,0.05,1.8001
2269,-637.5,1.65,0.0,2.22,93.6,54,39,0,1,0.05,1.2273
2270,-83.2,1.56,0.0,0.0,105.6,56,44,0,0,0.05,0.8496
2271,-273.75,1.37,0.0,0.02,108.0,60,45,0,1,0.05,1.1775
2272,-503.35,1.83,1.54,0.0,110.4,62,46,3,0,0.05,1.4323
2273,183.6,1.48,0.0,0.31,96.0,55,40,0,2,0.05,1.1931
2274,345.0,0.93,0.18,0.86,108.0,58,45,2,4,0.05,2.0779
2275,150.4,1.5,0.02,0.0,110.4,61,46,2,0,0.05,0.9314
2276,50.1,1.82,1.55,0.02,122.4,65,51,2,1,0.05,1.3732
2277,-611.7,1.28,0.94,2.23,88.8,52,37,3,1,0.05,1.5315
2278,-62.95,1.05,0.0,1.03,100.8,54,42,0,1,0.05,1.2584
2279,266.35,1.05,0.0,0.02,117.6,62,49,0,1,0.05,1.0691
2280,-81.8,1.86,1.15,0.0,112.8,64,47,2,0,0.05,0.9954
2281,31.55,1.3,0.02,0.02,84.0,46,35,1,1,0.05,0.9326
2282,48.15,1.47,0.02,0.0,110.4,55,46,1,0,0.05,0.9116
2283,605.6,1.3,0.0,0.02,108.0,58,45,0,3,0.05,1.3765
2284,-45.2,1.65,0.0,0.0,120.0,64,50,0,0,0.05,0.8359
2285,67.0,1.68,0.0,0.02,93.6,47,39,0,1,0.05,1.0486
2286,496.65,1.17,0.42,0.18,100.8,52,42,1,3,0.05,1.5027
2287,-533.65,1.54,0.0,2.9,103.2,59,43,0,1,0.05,1.2922
2288,151.75,1.48,0.02,0.0,115.2,65,48,2,0,0.05,0.9954
2289,274.4,1.5,0.02,0.02,105.6,57,44,1,1,0.05,0.9657
2290,-101.1,1.15,0.0,0.0,93.6,48,39,0,0,0.05,0.8328
2291,133.4,1.47,0.46,0.0,112.8,61,47,2,0,0.05,0.9669
2292,-977.3,2.25,0.0,1.24,100.8,58,42,0,4,0.05,2.1945
2293,4.45,1.18,0.0,0.08,93.6,54,39,0,1,0.05,0.9688
2294,120.0,1.33,0.02,0.0,105.6,56,44,1,0,0.05,0.9625
2295,548.9,1.76,0.0,0.02,115.2,61,48,0,3,0.05,1.4137
2296,-14.95,1.9,0.0,0.0,127.2,69,53,0,0,0.05,0.8914
2297,290.75,1.23,0.02,0.02,108.0,57,45,1,1,0.05,1.0624
2298,304.8,1.13,1.56,0.5,110.4,57,46,3,4,0.05,1.9952
2299,487.45,1.44,0.12,0.02,110.4,61,46,4,1,0.05,1.3772
2300,79.05,1.9,0.0,0.02,127.2,67,53,0,1,0.05,1.1871
2301,380.3,1.28,0.02,0.02,112.8,62,47,2,1,0.05,1.1399
2302,-150.15,1.34,1.48,0.0,93.6,57,39,2,0,0.05,1.2272
2303,163.35,1.25,0.02,0.0,105.6,60,44,1,0,0.05,0.8728
2304,360.95,1.68,0.26,0.02,115.2,64,48,3,1,0.05,1.2722
2305,-116.7,1.76,0.0,0.0,105.6,59,44,0,0,0.05,0.8777
2306,-46.15,1.39,0.0,0.0,98.4,55,41,0,0,0.05,0.8106
2307,493.2,0.9,0.65,0.13,108.0,58,45,2,2,0.05,1.3711
2308,-158.1,1.66,0.0,0.0,122.4,68,51,0,0,0.05,0.8679
2309,-94.45,1.62,0.74,0.0,88.8,48,37,2,0,0.05,1.0505
2310,149.85,1.39,0.75,0.02,105.6,57,44,2,1,0.05,1.2606
2311,165.95,1.52,0.0,0.02,110.4,62,46,0,1,0.05,1.0056
2312,-46.4,1.72,3.1,0.02,115.2,65,48,1,1,0.05,1.1312
2313,-47.45,1.72,0.02,0.0,93.6,51,39,1,0,0.05,0.8461
2314,-32.05,1.3,0.52,0.0,98.4,52,41,2,0,0.05,0.9534
2315,321.95,1.19,0.33,0.18,112.8,60,47,3,1,0.05,1.3602
2316,355.9,2.1,1.73,0.24,108.0,62,45,3,5,0.05,2.4021
2317,-413.2,1.46,0.02,0.0,79.2,46,33,2,0,0.05,1.0148
2318,-121.75,1.17,0.02,0.0,79.2,47,33,1,0,0.05,0.8463
2319,776.8,1.63,0.25,0.02,112.8,58,47,3,3,0.05,1.6355
2320,136.5,1.38,0.02,0.0,127.2,67,53,1,0,0.05,1.1483
2321,16.3,1.31,0.02,0.0,91.2,52,38,1,0,0.05,0.9328
2322,142.75,1.39,0.95,0.02,103.2,55,43,2,1,0.05,1.1518
2323,226.9,1.27,0.0,0.3,103.2,57,43,0,3,0.05,1.5139
2324,196.3,1.79,0.0,0.02,122.4,65,51,0,1,0.05,1.1699
2325,-75.7,1.63,1.21,0.62,91.2,49,38,3,2,0.05,1.4891
2326,13.8,1.3,0.64,0.0,98.4,53,41,2,0,0.05,1.0204
2327,137.55,1.6,0.0,0.02,98.4,56,41,0,1,0.05,0.9328
2328,314.7,1.68,0.16,0.02,117.6,62,49,2,1,0.05,1.2277
2329,111.05,1.43,0.02,0.48,100.8,55,42,1,1,0.05,1.1086
2330,1.05,1.82,0.0,0.02,93.6,52,39,0,1,0.05,1.0612
2331,-4.7,1.6,0.45,0.0,108.0,58,45,1,0,0.05,0.9755
2332,-92.85,1.7,0.0,0.0,112.8,64,47,0,0,0.05,0.9561
2333,-330.9,1.52,0.0,0.02,96.0,51,40,0,1,0.05,1.0878
2334,-849.6,1.69,1.4,1.72,96.0,58,40,4,3,0.05,2.3598
2335,157.2,1.44,0.02,0.0,112.8,60,47,1,0,0.05,0.966
2336,194.25,1.59,0.28,0.27,110.4,62,46,2,1,0.05,1.3344
2337,-21.8,1.47,1.55,0.02,108.0,55,45,3,1,0.05,1.4846
2338,75.85,1.4,1.35,0.02,100.8,54,42,1,1,0.05,1.2246
2339,-31.05,1.77,0.0,0.0,112.8,61,47,0,0,0.05,0.9365
2340,-7.4,1.53,0.77,0.0,115.2,65,48,1,0,0.05,1.008
2341,-192.75,1.6,2.23,0.0,103.2,58,43,1,0,0.05,0.9826
2342,68.55,1.14,0.02,0.0,103.2,53,43,1,0,0.05,0.905
2343,501.25,2.11,0.79,0.02,105.6,57,44,2,3,0.05,1.5753
2344,9.0,1.37,0.7,0.0,120.0,64,50,1,0,0.05,1.0596
2345,176.7,1.15,0.0,0.02,103.2,58,43,0,1,0.05,1.0036
2346,-11.5,1.15,1.0,0.02,86.4,49,36,1,1,0.05,1.0638
2347,96.0,1.2,0.02,0.0,112.8,60,47,1,0,0.05,0.8173
2348,-355.0,2.1,0.02,2.85,108.0,62,45,1,1,0.05,1.2183
2349,-93.55,1.97,0.02,0.22,86.4,49,36,3,1,0.05,1.3127
2350,-37.15,1.08,0.0,0.0,105.6,53,44,0,0,0.05,0.7941
2351,138.1,1.09,0.02,0.0,108.0,63,45,1,0,0.05,0.8301
2352,381.8,1.23,0.02,0.02,112.8,63,47,2,2,0.05,1.4681
2353,-104.55,1.65,0.0,0.0,93.6,50,39,0,0,0.05,0.7326
2354,16.65,1.09,0.0,0.0,96.0,55,40,0,0,0.05,0.758
2355,-153.85,1.04,1.41,1.2,110.4,62,46,4,2,0.05,1.908
2356,-61.0,1.48,1.05,0.0,112.8,63,47,4,0,0.05,1.3825
2357,-1.25,1.82,0.02,0.0,96.0,57,40,1,0,0.05,0.8875
2358,-176.7,1.3,2.92,0.02,103.2,56,43,2,1,0.05,1.4019
2359,290.25,1.51,0.02,0.02,115.2,62,48,1,1,0.05,0.997
2360,-60.5,1.69,0.0,0.68,110.4,63,46,0,2,0.05,1.3643
2361,198.75,1.82,0.42,0.02,96.0,50,40,1,2,0.05,1.1968
2362,217.95,1.19,0.0,0.02,103.2,55,43,0,1,0.05,0.9957
2363,456.9,1.19,0.02,0.19,105.6,58,44,1,2,0.05,1.1808
2364,70.0,1.69,0.0,0.56,120.0,64,50,0,2,0.05,1.3319
2365,-102.2,1.8,0.0,1.3,110.4,56,46,0,1,0.05,1.2104
2366,-150.55,1.58,0.0,0.0,100.8,53,42,0,0,0.05,0.8655
2367,300.8,1.62,0.94,0.3,112.8,59,47,3,3,0.05,1.8933
2368,-35.5,1.65,0.0,0.0,117.6,66,49,0,0,0.05,0.9435
2369,-214.3,0.99,1.75,0.0,100.8,53,42,2,0,0.05,1.0745
2370,-180.85,2.06,0.22,0.02,93.6,55,39,3,1,0.05,1.6583
2371,-0.75,1.65,0.0,0.0,112.8,59,47,0,0,0.05,0.844
2372,63.85,2.08,0.77,0.02,103.2,60,43,1,1,0.05,1.1696
2373,-1.95,1.7,0.02,1.22,105.6,54,44,1,1,0.05,1.0809
2374,121.15,1.48,0.02,0.0,96.0,53,40,2,0,0.05,0.9123
2375,-246.35,1.3,0.0,1.97,103.2,57,43,0,1,0.05,1.1166
2376,-515.3,1.99,2.42,0.02,108.0,62,45,3,1,0.05,1.5666
2377,55.7,1.59,0.02,1.55,103.2,55,43,2,1,0.05,1.2093
2378,-50.8,1.74,0.0,0.0,110.4,59,46,0,0,0.05,0.9788
2379,430.65,1.81,0.02,0.12,100.8,60,42,1,3,0.05,1.4006
2380,-88.4,2.05,0.85,0.0,110.4,62,46,3,0,0.05,1.4202
2381,-71.7,1.48,0.0,0.0,93.6,51,39,0,0,0.05,0.7464
2382,-154.1,1.39,0.74,0.0,81.6,47,34,4,0,0.05,1.2494
2383,453.0,1.11,0.0,0.02,115.2,61,48,0,2,0.05,1.1973
2384,-373.0,1.8,2.16,1.02,117.6,63,49,3,2,0.05,1.9379
2385,164.05,1.2,0.79,0.02,98.4,54,41,3,1,0.05,1.3803
2386,-78.45,1.31,1.34,0.0,105.6,56,44,2,0,0.05,1.148
2387,37.5,1.22,0.0,0.0,110.4,60,46,0,0,0.05,0.8296
2388,439.25,1.65,0.07,0.02,115.2,63,48,2,2,0.05,1.3973
2389,-175.05,1.31,1.61,0.0,96.0,54,40,2,0,0.05,1.1433
2390,-97.6,1.02,0.83,0.0,86.4,50,36,1,0,0.05,0.839
2391,-404.15,1.13,0.68,0.98,103.2,58,43,4,1,0.05,1.6123
2392,46.4,1.57,0.0,0.62,115.2,64,48,0,2,0.05,1.3151
2393,250.1,2.02,0.93,0.02,96.0,53,40,1,2,0.05,1.2841
2394,312.25,0.93,0.02,0.02,100.8,55,42,2,1,0.05,1.3144
2395,-136.4,1.73,1.63,0.0,105.6,57,44,2,0,0.05,1.124
2396,-44.55,1.66,1.17,0.0,120.0,66,50,1,0,0.05,1.0077
2397,-531.0,1.93,1.15,1.38,93.6,53,39,3,4,0.05,2.242
2398,31.45,1.46,0.33,0.02,91.2,50,38,1,1,0.05,0.9506
2399,-124.55,2.0,0.0,1.45,110.4,60,46,0,1,0.05,1.1978
2400,-332.9,2.0,1.78,0.0,108.0,63,45,3,0,0.05,1.4194
2401,-115.65,1.94,0.0,0.0,98.4,54,41,0,0,0.05,0.8769
2402,84.45,1.34,0.02,0.0,105.6,58,44,1,0,0.05,0.9648
2403,-570.65,1.81,1.94,0.02,103.2,56,43,4,2,0.05,1.8594
2404,23.15,1.34,1.15,0.0,112.8,64,47,1,0,0.05,0.937
2405,41.7,1.72,0.0,0.07,86.4,49,36,0,2,0.05,1.3166
2406,256.45,1.53,0.02,0.0,105.6,54,44,3,0,0.05,1.0417
2407,158.95,1.33,0.02,0.0,110.4,60,46,1,0,0.05,0.8687
2408,-113.05,1.7,0.02,1.5,115.2,65,48,1,1,0.05,1.2092
2409,-225.2,1.53,2.26,0.82,96.0,53,40,2,2,0.05,1.6385
2410,-39.1,0.95,0.0,0.0,96.0,54,40,0,0,0.05,0.8587
2411,87.85,1.55,0.02,1.06,115.2,61,48,2,3,0.05,1.6749
2412,-248.85,1.34,1.22,0.97,105.6,62,44,1,4,0.05,2.1987
2413,-129.7,1.66,0.0,0.0,96.0,52,40,0,0,0.05,0.9323
2414,-382.1,2.28,2.07,1.22,98.4,56,41,1,1,0.05,1.3659
2415,-575.8,1.69,3.53,2.77,105.6,56,44,1,1,0.05,1.3178
2416,191.6,1.72,0.0,0.02,127.2,68,53,0,1,0.05,1.149
2417,85.95,2.17,0.02,0.0,93.6,54,39,3,0,0.05,1.0494
2418,85.05,1.07,1.48,0.02,105.6,55,44,2,1,0.05,1.2586
2419,21.1,1.23,0.0,0.0,105.6,56,44,0,0,0.05,0.847
2420,4.55,2.0,0.02,0.85,115.2,62,48,1,1,0.05,1.2481
2421,-43.0,1.63,1.3,0.89,103.2,56,43,1,2,0.05,1.3801
2422,27.9,1.32,0.02,0.0,98.4,56,41,1,0,0.05,0.8268
2423,-65.6,1.76,0.0,0.0,108.0,61,45,0,0,0.05,0.8152
2424,169.85,1.74,0.96,0.49,112.8,64,47,2,3,0.05,1.7414
2425,-125.65,1.56,0.0,0.0,98.4,54,41,0,0,0.05,0.7682
2426,48.95,0.99,0.18,0.0,98.4,54,41,1,0,0.05,0.8296
2427,225.4,0.98,0.58,0.7,105.6,60,44,4,1,0.05,1.4173
2428,389.0,1.58,0.0,0.02,122.4,67,51,0,2,0.05,1.1856
2429,-73.95,1.61,0.0,0.0,98.4,53,41,0,0,0.05,0.7349
2430,-465.35,1.56,0.0,2.57,93.6,52,39,0,1,0.05,1.2066
2431,-3.05,1.36,0.02,1.45,100.8,55,42,1,1,0.05,1.1899
2432,141.7,1.93,0.0,0.37,117.6,64,49,0,2,0.05,1.421
2433,-214.05,1.48,0.38,0.0,86.4,45,36,2,0,0.05,0.973
2434,33.9,1.16,0.0,0.0,110.4,56,46,0,0,0.05,0.7872
2435,238.5,1.01,0.47,0.0,103.2,60,43,3,0,0.05,1.0491
2436,200.0,1.34,0.69,0.51,105.6,59,44,2,3,0.05,1.7969
2437,-80.7,1.6,0.0,0.0,103.2,56,43,0,0,0.05,0.6946
2438,-40.3,1.49,0.0,0.0,103.2,53,43,0,0,0.05,0.8616
2439,-1031.85,1.56,0.73,2.33,103.2,58,43,3,4,0.05,2.4365
2440,-177.65,2.0,0.0,1.28,112.8,62,47,0,2,0.05,1.4771
2441,-25.8,1.54,0.62,0.0,96.0,53,40,1,0,0.05,0.8594
2442,23.75,1.31,0.02,1.1,96.0,56,40,1,3,0.05,1.7168
2443,166.5,1.13,0.8,0.4,108.0,59,45,1,1,0.05,1.1329
2444,40.25,1.91,0.02,0.0,115.2,66,48,1,0,0.05,1.0149
2445,-109.0,2.01,0.02,0.0,88.8,49,37,1,0,0.05,0.7717
2446,-43.15,1.41,0.02,0.0,98.4,53,41,1,0,0.05,0.9531
2447,-238.2,1.73,0.0,1.72,103.2,60,43,0,1,0.05,1.0751
2448,-190.75,2.19,3.26,0.47,98.4,58,41,2,4,0.05,2.0097
2449,-90.35,1.57,0.0,0.0,100.8,52,42,0,0,0.05,0.7111
2450,-127.3,1.3,0.0,0.0,96.0,52,40,0,0,0.05,0.7159
2451,227.0,1.93,0.02,0.55,98.4,55,41,1,3,0.05,1.6315
2452,90.95,1.61,0.46,0.0,120.0,65,50,2,0,0.05,1.3495
2453,-15.85,1.16,0.02,0.0,88.8,48,37,1,0,0.05,0.7464
2454,30.45,1.15,0.02,0.0,105.6,57,44,2,0,0.05,1.045
2455,6.45,1.53,0.0,0.0,108.0,60,45,0,0,0.05,0.7476
2456,-203.95,1.93,0.0,0.0,110.4,64,46,0,0,0.05,0.8404
2457,-415.25,1.61,1.38,1.25,98.4,55,41,1,2,0.05,1.6319
2458,-55.35,1.1,0.0,0.0,98.4,53,41,0,0,0.05,0.736
2459,131.6,1.13,0.38,0.0,110.4,61,46,1,0,0.05,0.8226
2460,-24.3,2.05,0.0,0.84,110.4,63,46,0,3,0.05,1.6048
2461,-130.3,2.02,0.2,0.0,88.8,50,37,1,0,0.05,0.9932
2462,49.15,1.08,0.0,0.7,93.6,54,39,0,2,0.05,1.1305
2463,140.65,1.33,0.8,0.02,100.8,55,42,1,1,0.05,1.1782
2464,-41.9,1.81,0.0,0.0,122.4,65,51,0,0,0.05,0.9642
2465,-258.45,2.14,0.8,0.0,79.2,46,33,1,0,0.05,0.8183
2466,-283.1,1.71,1.05,0.0,84.0,46,35,1,0,0.05,0.9275
2467,-56.75,1.65,0.0,0.02,105.6,60,44,0,1,0.05,1.1373
2468,48.05,1.91,1.6,0.02,112.8,63,47,1,1,0.05,1.0848
2469,-50.95,1.51,0.46,0.0,93.6,51,39,2,0,0.05,0.9451
2470,61.75,1.1,0.02,0.0,98.4,50,41,1,0,0.05,0.7962
2471,-393.5,1.11,2.12,2.6,112.8,64,47,1,1,0.05,1.3357
2472,-93.8,2.2,0.0,0.77,108.0,62,45,0,3,0.05,1.4927
2473,13.2,1.41,0.0,0.0,110.4,58,46,0,0,0.05,0.7686
2474,-89.05,1.33,0.0,0.0,93.6,50,39,0,0,0.05,0.711
2475,-327.1,1.26,0.02,0.02,110.4,60,46,1,1,0.05,1.4563
2476,238.9,1.58,0.37,0.02,115.2,65,48,1,1,0.05,1.0501
2477,83.35,1.56,0.02,0.0,108.0,56,45,1,0,0.05,0.8159
2478,422.2,0.86,0.0,0.02,108.0,55,45,0,2,0.05,1.1013
2479,9.8,1.36,0.02,0.0,105.6,58,44,1,0,0.05,0.8704
2480,269.75,1.56,0.02,0.02,117.6,64,49,1,1,0.05,1.0015
2481,-239.5,1.39,0.3,1.12,110.4,57,46,1,2,0.05,1.4401
2482,-151.85,1.35,0.0,0.0,93.6,53,39,0,0,0.05,0.8041
2483,-41.5,1.35,0.77,0.02,108.0,57,45,1,1,0.05,1.229
2484,-27.0,1.4,1.3,0.4,115.2,62,48,3,1,0.05,1.4352
2485,-69.0,1.67,0.83,0.0,103.2,54,43,1,0,0.05,0.9587
2486,79.25,1.18,0.02,0.0,100.8,53,42,1,0,0.05,1.0452
2487,-417.7,1.24,0.0,0.02,105.6,58,44,0,1,0.05,1.2754
2488,-60.8,1.84,0.65,1.07,112.8,62,47,1,1,0.05,1.3618
2489,-53.2,1.29,1.72,0.0,108.0,57,45,1,0,0.05,1.0191
2490,-307.45,1.9,0.47,1.82,110.4,58,46,1,2,0.05,1.4938
2491,-45.9,1.59,0.0,0.0,100.8,56,42,0,0,0.05,0.8085
2492,64.85,1.89,0.0,0.02,115.2,64,48,0,1,0.05,1.07
2493,237.3,1.59,0.24,0.02,93.6,53,39,2,1,0.05,1.0319
2494,-65.1,1.69,2.92,0.4,105.6,56,44,1,1,0.05,1.1839
2495,-37.3,1.94,0.0,0.0,110.4,58,46,0,0,0.05,0.8167
2496,758.05,1.74,0.46,0.02,108.0,62,45,2,4,0.05,1.8059
2497,-118.9,1.85,0.0,0.0,100.8,55,42,0,0,0.05,0.8194
2498,-55.55,1.14,0.02,0.0,86.4,48,36,1,0,0.05,0.7196
2499,414.4,1.21,0.02,0.12,103.2,58,43,1,2,0.05,1.4228
2500,-416.5,2.36,0.0,2.23,112.8,64,47,0,1,0.05,1.1597
